vid,score,lengh,w,h
b314917536a,2,649.0,486.0,864.0
p0034nel5yi,2,373.0,486.0,864.0
i0978t5ky6m,2,634.0,540.0,960.0
c3150mcqgri,2,744.0,486.0,864.0
m3152oaci2q,2,341.0,486.0,864.0
u3104cgq9yt,2,1906.0,864.0,486.0
y31472kjtc3,2,3119.0,864.0,486.0
y31495nzzzr,2,1551.0,864.0,486.0
w3149qgh79c,2,1588.0,864.0,486.0
a3125j6hc6j,2,522.0,486.0,864.0
j0976oh4gzw,2,2143.0,864.0,486.0
c3141rapz9x,2,632.0,486.0,864.0
i31123oxjp1,2,1512.0,540.0,960.0
e3124aq4a3q,2,916.0,540.0,960.0
w3080qhymwv,2,261.0,486.0,864.0
b3110isrrx7,2,288.0,540.0,960.0
b3108s8ew6u,2,1723.0,864.0,486.0
w3133o054pg,2,1578.0,864.0,486.0
u3143unbvz9,2,406.0,540.0,960.0
u09808lnw7q,2,271.0,540.0,960.0
n0975qcdwtk,2,311.0,540.0,960.0
n3116ev485p,2,566.0,486.0,864.0
s3078ho2k1c,2,1037.0,486.0,864.0
m0034ic9nv8,2,420.0,486.0,864.0
o0977zgh4qr,2,250.0,540.0,960.0
w310175awl9,2,331.0,486.0,864.0
t31042mie6f,2,391.0,540.0,960.0
o3107fcbbmf,2,759.0,486.0,864.0
k3110vsqg90,2,999.0,540.0,960.0
x3130xswx4z,2,393.0,486.0,864.0
u3103xuwewu,2,587.0,864.0,486.0
a0975nrqm4k,2,1537.0,864.0,486.0
d3128jo36az,2,21721.0,864.0,486.0
d31016oozar,2,513.0,540.0,960.0
n3082uw2g1u,2,587.0,540.0,960.0
a31367k0ga6,2,892.0,864.0,486.0
o3118e12eg7,2,4558.0,864.0,486.0
t3123edi7ce,2,314.0,486.0,864.0
x311226fvh7,2,608.0,486.0,864.0
y3113dfknry,2,333.0,486.0,864.0
n31360y6glk,2,1578.0,864.0,486.0
v3080qdf4nq,2,367.0,540.0,960.0
f31465c7sh8,2,641.0,864.0,486.0
k3104qiv8yc,2,2449.0,864.0,486.0
o3113b3qid4,2,711.0,540.0,960.0
x3121lg4kwn,2,718.0,540.0,960.0
e14354tqlg9,2,2196.0,486.0,864.0
n3117n4s79e,2,565.0,486.0,864.0
l3114rwdwf2,2,1063.0,486.0,864.0
r3120ab4v8f,2,748.0,486.0,864.0
z0978g2wrc1,2,1597.0,864.0,486.0
o3150pgg9s6,2,6020.0,864.0,486.0
c31023vr195,2,1624.0,864.0,486.0
x3078jbz9kn,2,1557.0,864.0,486.0
v3146tedknh,2,483.0,540.0,960.0
m3136i7hp90,2,690.0,486.0,864.0
g3106mfx83g,2,188.0,486.0,864.0
n3104c2ba2x,2,1558.0,864.0,486.0
f3147v0bwym,2,1558.0,864.0,486.0
x3080g5ntdj,2,1654.0,864.0,486.0
x3102lzxkc3,2,1074.0,486.0,864.0
k3103fq5mzn,2,936.0,486.0,864.0
h3106v22vhj,2,1559.0,864.0,486.0
f3100gwev6a,2,1548.0,864.0,486.0
v3134j4zkra,2,519.0,486.0,864.0
g3110yx1w5x,2,538.0,540.0,960.0
v311830nb85,2,546.0,540.0,960.0
l3110nf6w2p,2,320.0,486.0,864.0
p0976jd0y6v,2,914.0,486.0,864.0
v3116law3ws,2,592.0,540.0,960.0
p0976nl6htb,2,4741.0,864.0,486.0
e3082hhfnmt,2,1398.0,394.0,864.0
g3103rlv5vt,2,845.0,540.0,960.0
t3133qxrnud,2,664.0,486.0,864.0
u0034ihs82y,2,2017.0,486.0,864.0
k0977jkebpc,2,634.0,486.0,864.0
r3106nnwal5,2,1570.0,864.0,486.0
h0975vrxzvv,2,1077.0,540.0,960.0
n3119vus8se,2,2008.0,486.0,864.0
e0975ph3zm4,2,634.0,486.0,864.0
q3118w7zyke,2,344.0,486.0,864.0
x3114yhxuef,2,272.0,540.0,960.0
f3143r7vhen,2,1542.0,864.0,486.0
g3105eoxvca,2,1054.0,540.0,960.0
m31021n352g,2,216.0,540.0,960.0
c3106pcj7oy,2,276.0,432.0,864.0
u3102xpo4ob,2,1124.0,540.0,950.0
r3081oxdt05,2,1012.0,540.0,960.0
o3109cd42um,2,330.0,540.0,960.0
z0976sdodz1,2,379.0,486.0,864.0
v3082zmt371,2,384.0,540.0,960.0
j3081vhx88j,2,376.0,486.0,864.0
e3138mzjzaz,2,418.0,486.0,864.0
k3115pd07mz,2,1145.0,540.0,960.0
a3133jimqad,2,4999.0,486.0,864.0
x0976867qfu,2,746.0,540.0,960.0
i3152gf162t,2,1428.0,540.0,960.0
r3102peo1c8,2,348.0,486.0,858.0
o3108rfaw1o,2,966.0,486.0,864.0
w3122307g2a,2,646.0,540.0,960.0
r3138ghk8fl,2,1642.0,864.0,486.0
r3136oemuph,2,243.0,486.0,864.0
y3119swaxmo,2,625.0,540.0,960.0
y3122m0z5ze,2,793.0,486.0,864.0
r3082lbuzui,2,653.0,540.0,960.0
a0977xvecbf,2,457.0,540.0,960.0
a31061evc2g,2,322.0,540.0,960.0
j3135gsmwy4,2,5372.0,864.0,486.0
z3105ia6ipj,2,1264.0,486.0,864.0
p31095aq575,2,4291.0,864.0,486.0
s3135pfatj7,2,1537.0,864.0,486.0
p3119pwl4dc,2,574.0,486.0,864.0
b3137qsv6r0,2,1289.0,486.0,864.0
j3111t7yrxj,2,377.0,540.0,960.0
k0975g3aw92,2,2232.0,864.0,486.0
s31404bczsf,2,376.0,522.0,960.0
b0980d56yph,2,1163.0,540.0,960.0
u3114tevzm7,2,404.0,486.0,864.0
x314960vh7r,2,375.0,486.0,864.0
i0976t27ffb,2,1417.0,540.0,960.0
a3079r3rrwa,2,1442.0,540.0,960.0
z3146ljjtjb,2,1392.0,486.0,864.0
u31433zz57f,2,1536.0,864.0,486.0
o31415fcsb6,2,1010.0,486.0,864.0
y31350i3gwe,2,1888.0,534.0,960.0
a31090a93ek,2,206.0,486.0,864.0
z0977gzgwwq,2,1106.0,540.0,960.0
l3112eq70hh,2,262.0,486.0,850.0
h0978dy7zmy,2,1540.0,864.0,486.0
l09778jp1hz,2,543.0,486.0,864.0
f3106ys50xq,2,278.0,486.0,864.0
g3104le0mpi,2,643.0,486.0,864.0
v31057cu9r5,2,352.0,540.0,960.0
m0975o9yzp7,2,745.0,486.0,864.0
f308223rk6l,2,568.0,540.0,960.0
f31291viit7,2,338.0,486.0,864.0
k3137p56y7u,2,1217.0,486.0,864.0
l314280m9ip,2,268.0,486.0,864.0
n3100v4zadu,2,1629.0,864.0,486.0
r3154ykk1u2,2,510.0,486.0,864.0
c312051tr0y,2,1032.0,540.0,960.0
x3137c4wkfo,2,1805.0,486.0,864.0
a3081c83mdv,2,1186.0,864.0,486.0
q3118zq7bsz,2,2132.0,864.0,486.0
d09806ws39w,2,2031.0,864.0,486.0
n3101mx8vy7,2,2210.0,864.0,486.0
x3110tmpvzl,2,429.0,540.0,960.0
g0976v0lx2t,2,2683.0,864.0,486.0
w31517maxf8,2,1045.0,486.0,864.0
u308142tvoj,2,1030.0,540.0,960.0
g3105arn406,2,838.0,486.0,864.0
w3121lh8kz8,2,794.0,486.0,864.0
r3137zfw5v8,2,1608.0,864.0,486.0
g3107l3hdn6,2,362.0,486.0,864.0
u3120ioczuo,2,383.0,486.0,864.0
i31501tevkf,2,1546.0,864.0,486.0
p0976cf0fvn,2,1567.0,864.0,486.0
t31005fry8k,2,1548.0,864.0,486.0
p3142w872ud,2,998.0,486.0,864.0
e3146ua68cu,2,252.0,486.0,864.0
i30806xfrt2,2,257.0,486.0,864.0
p0978w1el6q,2,252.0,486.0,864.0
z315400wwnb,2,768.0,486.0,864.0
w0976m4h1sz,2,2515.0,864.0,486.0
k3106q1ffnz,2,1451.0,540.0,960.0
m3080yc4tps,2,303.0,486.0,864.0
e3110jl6up2,2,373.0,486.0,864.0
d3135u2e94a,2,426.0,486.0,864.0
y3138qkt01s,2,458.0,486.0,864.0
p3107fsxc5e,2,259.0,486.0,864.0
k0034lnd2ux,2,1482.0,486.0,864.0
n3114s0ylwv,2,622.0,540.0,960.0
o31085o1r4b,2,503.0,540.0,960.0
b0980vvd137,2,2470.0,486.0,864.0
f3107sepvzq,2,925.0,486.0,864.0
f3082twbk8o,2,293.0,540.0,960.0
x30807vgr7r,2,361.0,486.0,864.0
p310126qmxe,2,276.0,486.0,864.0
e30819vusy1,2,1502.0,540.0,960.0
c31382cn9rc,2,1386.0,486.0,864.0
i31157vdlv9,2,1247.0,540.0,960.0
e3108czxpjx,2,544.0,486.0,858.0
q31085625c3,2,890.0,864.0,486.0
n307978j6nf,2,610.0,486.0,864.0
i0976l8k0q3,2,526.0,486.0,864.0
t310238jles,2,544.0,486.0,864.0
i09767rah03,2,378.0,540.0,960.0
u3118xupi4o,2,997.0,540.0,960.0
q31394ac4tq,2,2718.0,484.0,864.0
h3127s31rw2,2,1788.0,486.0,864.0
y31081ivo55,2,1501.0,864.0,486.0
b09762vpq9a,2,561.0,540.0,960.0
h0034jxljk4,2,1162.0,486.0,864.0
y3114qh53y9,2,1341.0,540.0,960.0
q3154ca7oz1,2,1618.0,864.0,486.0
p3149m7ytnz,2,1436.0,486.0,864.0
w3117laxp4q,2,269.0,486.0,864.0
d3137i0ron1,2,1318.0,486.0,864.0
f3117kavfra,2,675.0,540.0,960.0
g31032kxq07,2,244.0,486.0,864.0
x3103j0k43e,2,460.0,540.0,960.0
m3111w72b3p,2,550.0,540.0,960.0
j3149zilnws,2,392.0,486.0,864.0
t097816spgu,2,902.0,540.0,960.0
m0979om8av1,2,925.0,486.0,864.0
u31034nn2q2,2,1561.0,864.0,486.0
c31244ychcr,2,568.0,486.0,864.0
j3114a9ok6l,2,277.0,486.0,864.0
a3108k5p1ey,2,1476.0,486.0,864.0
d3137cvo2ix,2,493.0,486.0,864.0
t3149xdnzxu,2,773.0,540.0,960.0
z3114to2rk2,2,1218.0,864.0,486.0
v3114mu4hlm,2,999.0,486.0,864.0
o09757xaxab,2,1766.0,864.0,486.0
r31364ay3zu,2,5394.0,864.0,486.0
m3081ojof8r,2,645.0,486.0,858.0
e3103ok6ow0,2,915.0,486.0,864.0
v31227jp5dv,2,1305.0,486.0,864.0
r3118xvyec2,2,1193.0,486.0,864.0
k3100f7sklz,2,319.0,486.0,864.0
z3117g9pson,2,688.0,540.0,960.0
q3145uniiff,2,1586.0,864.0,486.0
a0976l1v9i5,2,302.0,540.0,952.0
i31534z3t28,2,1610.0,864.0,486.0
p31153p0q9k,2,777.0,486.0,864.0
b3108o584h6,2,256.0,486.0,864.0
l31005ksrb0,2,1694.0,864.0,486.0
h09753hpek7,2,1747.0,486.0,864.0
y0975h4vdsb,2,533.0,486.0,858.0
n0975reobh6,2,1625.0,864.0,486.0
t3107m3qq6i,2,3749.0,864.0,486.0
a3114vndlna,2,583.0,486.0,864.0
c09756y9wbo,2,1395.0,540.0,960.0
v3110vl6pt8,2,421.0,540.0,960.0
r3127cov1mf,2,736.0,486.0,864.0
p310937t5f0,2,725.0,540.0,960.0
b3114ciqghd,2,17717.0,864.0,486.0
a0975ng52gq,2,713.0,486.0,864.0
f0976mbcp2h,2,1179.0,540.0,960.0
t0977cjy4ad,2,357.0,486.0,864.0
a3079jin8qf,2,827.0,540.0,960.0
e3129cll0lh,2,927.0,486.0,864.0
j0976gp81vx,2,643.0,540.0,960.0
b3102qeorxj,2,1487.0,864.0,486.0
y3142cwi83b,2,483.0,486.0,864.0
b3103u2ahth,2,830.0,486.0,864.0
p31196hlqll,2,1563.0,864.0,486.0
g3103002pg0,2,318.0,486.0,864.0
v3151n0cje4,2,783.0,486.0,864.0
v3079usi42x,2,1718.0,864.0,486.0
d0977dyvn98,2,840.0,864.0,486.0
v3101z1mtfy,2,1030.0,540.0,960.0
p3101zcqrb2,2,303.0,486.0,864.0
p31228pwzss,2,499.0,486.0,864.0
y098042cr2d,2,643.0,540.0,960.0
z3120tha2wv,2,1638.0,864.0,486.0
w3106islce2,2,292.0,540.0,960.0
q0976kdn7xz,2,1068.0,540.0,960.0
s308127zib0,2,529.0,486.0,864.0
o31133kiyqr,2,324.0,486.0,864.0
b3105vl4qcb,2,342.0,486.0,864.0
v3142jb32nl,2,1520.0,864.0,486.0
u3081w4xus7,2,794.0,486.0,864.0
e3111r9mnab,2,1516.0,864.0,486.0
a3141fenf6h,2,477.0,486.0,864.0
r3114nyncjf,2,349.0,486.0,864.0
n31054nuozt,2,2815.0,864.0,486.0
u3121hzih4v,2,699.0,540.0,960.0
t0034hfryvb,2,900.0,486.0,864.0
e31123lts7h,2,417.0,486.0,864.0
u3107itz5gt,2,1615.0,864.0,486.0
t3081x47buo,2,868.0,486.0,864.0
e3117ru4gmb,2,1313.0,486.0,864.0
k3123zsrzu6,2,2418.0,486.0,864.0
r31112j4524,2,586.0,540.0,960.0
c0977z67f23,2,532.0,540.0,960.0
w09791qjh1m,2,1411.0,864.0,486.0
l3110o5ri14,2,230.0,486.0,864.0
y3101htdkzt,2,2064.0,486.0,864.0
v31526bdgex,2,343.0,486.0,864.0
y3078jjdz90,2,7790.0,864.0,486.0
h3133zh7t18,2,1169.0,540.0,960.0
y30780t7o4e,2,694.0,486.0,864.0
s3104snjspd,2,3076.0,864.0,486.0
l3081qje5hi,2,213.0,540.0,960.0
v3101xfzirx,2,1578.0,864.0,486.0
w31062egedl,2,818.0,486.0,864.0
k0978ftwqst,2,1516.0,864.0,486.0
d31038egi1c,2,762.0,540.0,960.0
a3100antsra,2,2345.0,864.0,486.0
l3152h8hdp4,2,1553.0,864.0,486.0
g3141w8vtxl,2,3080.0,864.0,486.0
b097859vpyv,2,673.0,540.0,960.0
s3117wmgf5z,2,1308.0,540.0,960.0
w3115ytg8cz,2,721.0,486.0,648.0
z31180zpyf7,2,934.0,864.0,486.0
s3123odpwf1,2,746.0,540.0,960.0
y312530x61t,2,298.0,540.0,960.0
r31121fcpyf,2,1564.0,864.0,486.0
h31367yq0wr,2,306.0,486.0,864.0
q31176obchj,2,1597.0,486.0,864.0
e3079mod2cu,2,2217.0,540.0,960.0
p31109rjm84,2,445.0,540.0,960.0
k31167fi2p2,2,1237.0,486.0,864.0
x3135qg5z7p,2,827.0,486.0,864.0
y30815j9wo5,2,566.0,486.0,864.0
f3123gah4qw,2,333.0,540.0,960.0
o3122tesqwn,2,862.0,540.0,960.0
j3105y6y1jv,2,815.0,486.0,864.0
n31153atd62,2,758.0,540.0,960.0
j3105gy467u,2,1027.0,864.0,486.0
y3107qu9p1a,2,652.0,540.0,960.0
m3151e3q388,2,568.0,486.0,864.0
r3100bkfls5,2,558.0,538.0,960.0
c3102q025nw,2,297.0,540.0,960.0
f3103qosq6w,2,417.0,486.0,864.0
b30805yb225,2,503.0,486.0,864.0
w31052fe2ti,2,538.0,540.0,960.0
m0978j5kdfg,2,978.0,540.0,960.0
w3105rmi3nf,2,416.0,540.0,960.0
o3116p0plvd,2,409.0,540.0,960.0
m3113fu6fbx,2,841.0,486.0,864.0
v3116hlpppx,2,1700.0,400.0,864.0
h0034prljwp,2,1404.0,486.0,862.0
f0034xwpzm5,2,2235.0,864.0,486.0
z31229huh6x,2,355.0,540.0,960.0
c3081unyf4y,2,844.0,486.0,864.0
k3152na1cub,2,2353.0,486.0,864.0
q3115gekafv,2,1343.0,540.0,960.0
n3112xlofav,2,937.0,486.0,864.0
n3113nwgjeq,2,369.0,486.0,864.0
a3100u142bv,2,1619.0,864.0,486.0
x311549gyl8,2,788.0,540.0,960.0
h310820tse4,2,388.0,540.0,960.0
r31470ye0p9,2,4292.0,864.0,486.0
m308190zjcc,2,348.0,540.0,960.0
x3137inzzfx,2,1615.0,864.0,486.0
t0976mrl25x,2,423.0,540.0,960.0
e31449qzt71,2,750.0,486.0,864.0
v31196st9ol,2,436.0,486.0,864.0
l31092sqdf8,2,503.0,486.0,864.0
e00345ysoow,2,950.0,864.0,486.0
i3135gv7l5d,2,333.0,540.0,960.0
m3113r5yzvs,2,1158.0,486.0,864.0
l3112lyhfyu,2,686.0,540.0,960.0
k31393li6m4,2,351.0,522.0,960.0
b0976cayp2d,2,277.0,486.0,864.0
k3143ttlp2e,2,1578.0,864.0,486.0
y3129m6djbm,2,911.0,540.0,960.0
p3219ac6vnc,2,5261.0,864.0,486.0
z31110y7rev,2,361.0,486.0,864.0
m3114u5ezrf,2,1084.0,484.0,864.0
k3108o077al,2,849.0,486.0,864.0
e3118uc8los,2,562.0,486.0,864.0
p30822vmd6p,2,896.0,540.0,960.0
q31277q6710,2,464.0,486.0,864.0
w3080k5zahh,2,312.0,486.0,864.0
u3129o4a3qc,2,2656.0,864.0,486.0
i3108b8klis,2,813.0,540.0,960.0
y3101mau00g,2,269.0,486.0,864.0
j3106k1pbol,2,1791.0,864.0,486.0
d3107751fm4,2,1348.0,486.0,864.0
m3106562w59,2,1566.0,864.0,486.0
r3104mtau8s,2,346.0,486.0,864.0
n0980941w2j,2,1400.0,486.0,864.0
q3124amlqmb,2,637.0,486.0,864.0
j3117ylhtyv,2,280.0,540.0,960.0
g3107r9ae6n,2,1555.0,864.0,486.0
j0975uf9rd2,2,1643.0,864.0,486.0
s3117tgy27b,2,345.0,540.0,960.0
u0976myma36,2,483.0,540.0,960.0
c3112rzj6xi,2,518.0,486.0,864.0
z3102txbkkc,2,256.0,486.0,864.0
h3151owp66e,2,806.0,486.0,864.0
j31380zh7ni,2,2031.0,864.0,486.0
n09773li2m1,2,667.0,540.0,960.0
y31189msj2v,2,472.0,486.0,864.0
f0979ypyqo0,2,2953.0,864.0,486.0
j31135bokj7,2,262.0,540.0,960.0
p0972id8rp2,2,606.0,486.0,864.0
f3142jn7sea,2,1008.0,486.0,864.0
k3119n7m9ji,2,556.0,540.0,960.0
x3116sd0pg5,2,323.0,486.0,864.0
x31428re0bo,2,670.0,540.0,960.0
r30802ndnr2,2,10635.0,864.0,486.0
a310833rd76,2,1719.0,864.0,486.0
q3081fgvpxi,2,413.0,486.0,864.0
p3080fwnx3t,2,3068.0,486.0,864.0
d3100o0jt54,2,1503.0,864.0,486.0
v3078xd7mg0,2,648.0,540.0,960.0
w31013yotdu,2,550.0,486.0,864.0
m31168hdvn5,2,1048.0,864.0,482.0
a3080zrpvdt,2,1538.0,486.0,864.0
w3102o3ccw6,2,905.0,486.0,858.0
b3145ei8res,2,1523.0,864.0,486.0
r3079zyql5l,2,586.0,486.0,864.0
x3112g841st,2,508.0,540.0,960.0
o3078lialxj,2,1593.0,864.0,486.0
w3136ni4eol,2,578.0,486.0,864.0
v0974cljnj3,2,235.0,540.0,960.0
y3147ejip03,2,1270.0,486.0,864.0
w3115zebzb1,2,336.0,486.0,864.0
z31008rrk39,2,311.0,864.0,486.0
i31054knhp9,2,304.0,486.0,864.0
a3119ddlev8,2,1402.0,486.0,864.0
g3125kirvgl,2,1362.0,540.0,952.0
s31019rpuzo,2,1568.0,864.0,486.0
m31115evilu,2,217.0,486.0,864.0
h31070pq7iu,2,279.0,486.0,864.0
n0976xdndl6,2,289.0,486.0,864.0
w31163iq918,2,645.0,540.0,960.0
f31107de7g2,2,398.0,540.0,960.0
r3119h44x5p,2,954.0,540.0,960.0
a0977c4ns6a,2,576.0,486.0,864.0
n09787qwztg,2,287.0,486.0,854.0
e3120ufw78i,2,304.0,540.0,960.0
d31385hg4qy,2,535.0,486.0,864.0
a3116qp2ze0,2,562.0,540.0,960.0
v3143vxbq19,2,295.0,486.0,854.0
l3103tyru69,2,528.0,486.0,864.0
m3153vnzv0h,2,1578.0,864.0,486.0
k3081x01zde,2,948.0,486.0,864.0
h3143x6vldp,2,1541.0,864.0,486.0
w31023kkzyc,2,381.0,486.0,864.0
c3101dv7b9d,2,938.0,540.0,960.0
i3113i4ece8,2,1069.0,540.0,960.0
s3140bj38l3,2,489.0,486.0,864.0
z3109z5flhx,2,1228.0,864.0,486.0
h3105e1hxj7,2,394.0,486.0,864.0
f0034nhq7zx,2,1974.0,864.0,486.0
z0980xkcrhg,2,370.0,486.0,864.0
x3079tfcfoq,2,913.0,540.0,960.0
t3101os91ii,2,31401.0,864.0,478.0
y09751zdt3p,2,1235.0,486.0,864.0
u3124zbn37b,2,650.0,486.0,864.0
e311953bigz,2,254.0,540.0,960.0
s0976c50tir,2,504.0,540.0,960.0
f3148a1c1x0,2,748.0,486.0,864.0
r311490qaq6,2,192.0,486.0,864.0
r3126r6145a,2,1945.0,864.0,486.0
m311769mvam,2,393.0,486.0,864.0
p0977qw76n1,2,748.0,540.0,960.0
p3115hsa4s1,2,1450.0,486.0,864.0
p3117myjrzr,2,436.0,540.0,960.0
u3139jcz1ca,2,455.0,486.0,864.0
g0975tuaql4,2,2276.0,864.0,486.0
p0978fvc5uq,2,417.0,486.0,864.0
a3135825xhy,2,453.0,486.0,864.0
r3104ml45oy,2,759.0,864.0,486.0
w31061sjk2h,2,381.0,540.0,960.0
k3109c6qkrg,2,1144.0,486.0,864.0
h3082vh18mi,2,423.0,540.0,960.0
w3113jgj7dt,2,313.0,486.0,864.0
e31045zat0x,2,275.0,486.0,864.0
e3082bb2vvh,2,1123.0,540.0,960.0
q3125w945vj,2,1340.0,864.0,486.0
g3112dju0fr,2,1932.0,486.0,864.0
k0977wsg51s,2,428.0,540.0,960.0
y0977ded6sb,2,1217.0,864.0,486.0
l0977doc7km,2,837.0,486.0,864.0
l3104m6axuo,2,25402.0,864.0,478.0
j0034720m75,2,950.0,864.0,486.0
v3102wsjc5g,2,1139.0,540.0,960.0
l09809p10ms,2,356.0,486.0,864.0
u0978qhf1pk,2,1486.0,540.0,960.0
f31227jie1e,2,441.0,540.0,960.0
c31189szno7,2,4313.0,864.0,486.0
q31251rmhqr,2,723.0,540.0,960.0
l00342rz0wr,2,1175.0,486.0,864.0
z3120w39zia,2,7135.0,864.0,486.0
a31189ow6yn,2,599.0,540.0,940.0
h3117wz4pd3,2,633.0,486.0,864.0
v3102iwwnfz,2,553.0,486.0,864.0
o3100at2tj5,2,256.0,486.0,864.0
e3108ei2don,2,399.0,444.0,960.0
c3082h65hp9,2,633.0,486.0,864.0
v3219t972su,2,552.0,486.0,864.0
w31083bycbj,2,1575.0,864.0,486.0
f09761h1t7l,2,1170.0,486.0,864.0
k3100fym93z,2,1299.0,864.0,486.0
b3104qrlsxr,2,414.0,486.0,864.0
l3113g2s6wi,2,879.0,864.0,486.0
b31087t716a,2,307.0,486.0,864.0
r0977vww6nj,2,1658.0,864.0,486.0
v3118c6pibu,2,1471.0,540.0,960.0
e0976c94q9x,2,376.0,540.0,960.0
x3100mc8s8e,2,404.0,540.0,960.0
n3103nx0cm0,2,1533.0,864.0,486.0
m3125jpooch,2,987.0,864.0,486.0
y3104z06m19,2,548.0,540.0,960.0
e31040axwfr,2,323.0,486.0,864.0
i3141gr90kg,2,1543.0,864.0,486.0
q3140xlpm9f,2,368.0,486.0,864.0
l31085tpnmk,2,816.0,486.0,858.0
q3101curhkm,2,847.0,486.0,864.0
h09771h4h5h,2,1121.0,486.0,864.0
c3106dttgi7,2,578.0,540.0,960.0
d00349j4nu8,2,602.0,486.0,864.0
i31000ytfn2,2,13476.0,864.0,486.0
y3104rn0e5m,2,296.0,486.0,864.0
b0975ah43o2,2,1013.0,540.0,960.0
q3137hz8bl3,2,449.0,486.0,864.0
v31132yp0t8,2,358.0,486.0,864.0
t0977s878z9,2,268.0,540.0,960.0
d0976jrfb5u,2,1320.0,540.0,960.0
i3127ptm62o,2,775.0,540.0,960.0
k0979pnmfpr,2,480.0,540.0,960.0
r09770h09u9,2,2170.0,864.0,486.0
x0975djl8gg,2,887.0,540.0,952.0
z0977714qxb,2,328.0,540.0,960.0
x3078jt6s6z,2,255.0,486.0,864.0
e3100vh8ern,2,1536.0,864.0,486.0
n3124welman,2,1667.0,864.0,486.0
e3123sv7fqg,2,297.0,540.0,960.0
a31366ywl65,2,1094.0,486.0,862.0
m3079aovd9u,2,956.0,486.0,864.0
f3102qxbezl,2,1024.0,540.0,960.0
k3146wajd5g,2,294.0,540.0,960.0
b09773c0y4e,2,1459.0,864.0,486.0
x3115c8745k,2,752.0,540.0,960.0
c3107keyyzd,2,251.0,486.0,864.0
v09787jhk5h,2,722.0,486.0,864.0
p31176z86c8,2,551.0,540.0,960.0
q3145hwgpup,2,377.0,486.0,864.0
n3112fwotgc,2,1963.0,486.0,864.0
q30817hqri5,2,404.0,540.0,960.0
n3111i9la6w,2,1797.0,864.0,486.0
n097631v9ff,2,643.0,864.0,486.0
r310190i4rr,2,365.0,486.0,864.0
m3118iddq06,2,255.0,486.0,864.0
t3100j4r8fw,2,1512.0,486.0,864.0
l3143sbjfqt,2,404.0,540.0,960.0
n3106dph8cw,2,379.0,486.0,864.0
e313073dckq,2,250.0,486.0,864.0
x3148k8uq6y,2,255.0,540.0,960.0
o3140s9nbsf,2,371.0,540.0,960.0
v3106vmppc4,2,1175.0,864.0,486.0
o3153bs1n44,2,1217.0,486.0,864.0
x31365n9yyv,2,909.0,540.0,960.0
v3108y0x8ac,2,193.0,540.0,960.0
d3145ayquk8,2,396.0,486.0,864.0
c0034jmo5h8,2,1101.0,486.0,864.0
x3116nvl898,2,1119.0,486.0,640.0
t31118bp5gl,2,708.0,540.0,960.0
n3138das7ho,2,314.0,540.0,960.0
s3111mqmau4,2,1080.0,540.0,960.0
n3127o6s3yn,2,1443.0,864.0,486.0
j3105nevdma,2,1017.0,486.0,864.0
k3127wi3vxn,2,1719.0,432.0,864.0
z31015cm066,2,773.0,540.0,960.0
d0977ycbwqn,2,568.0,540.0,960.0
t31025dy8jg,2,772.0,486.0,864.0
b3104bjgcdr,2,545.0,486.0,864.0
c09807z8hpy,2,588.0,540.0,960.0
t3104u72fq4,2,263.0,486.0,864.0
v31097vryvt,2,250.0,486.0,864.0
o31255nzu1z,2,1798.0,864.0,486.0
c0980i2jj7j,2,751.0,540.0,960.0
d31169ksffa,2,820.0,486.0,864.0
z3130hsibv2,2,396.0,486.0,864.0
g3105c8vinc,2,277.0,486.0,864.0
e0976drkh78,2,349.0,540.0,960.0
h3104r7xwze,2,755.0,540.0,960.0
m31029j8q42,2,210.0,540.0,960.0
j097682dhx9,2,383.0,540.0,960.0
e3109yz5as2,2,973.0,540.0,960.0
w3116cvqst0,2,420.0,486.0,864.0
t31083fhq85,2,827.0,486.0,864.0
b3116bum6ax,2,1048.0,540.0,960.0
b31084k5ffy,2,287.0,540.0,960.0
p0978i8hfqh,2,3537.0,864.0,486.0
x31059tl54g,2,305.0,486.0,864.0
p3102f8op3i,2,250.0,486.0,864.0
s3144yuwzv2,2,1357.0,864.0,486.0
g0975iwe53j,2,1032.0,540.0,952.0
m3079jujcxu,2,1195.0,864.0,486.0
l31075oyiy6,2,602.0,486.0,864.0
i0980jc9fjc,2,2198.0,864.0,486.0
p3117bu2lfy,2,1176.0,486.0,864.0
b0977odfc02,2,1243.0,486.0,864.0
h3109z6mnzu,2,846.0,540.0,960.0
j31546yzbac,2,1911.0,864.0,486.0
u3104bvlol4,2,757.0,540.0,960.0
e31180vzn3j,2,509.0,540.0,960.0
s31536stsjw,2,458.0,486.0,864.0
f3116zeighh,2,1994.0,864.0,486.0
x3081vieqkr,2,538.0,540.0,960.0
w0978vkopys,2,788.0,540.0,960.0
d3116uj8oa8,2,369.0,540.0,960.0
v3102hup82i,2,1537.0,864.0,486.0
s3110ggvk4t,2,1439.0,540.0,960.0
w0975lt9h60,2,1374.0,486.0,864.0
l3105xgo85p,2,758.0,486.0,864.0
e31010460cv,2,541.0,486.0,864.0
y3128sdzg0u,2,463.0,540.0,960.0
n3105nx9xpy,2,6314.0,864.0,486.0
j310910s6z9,2,335.0,486.0,864.0
b3116ysq34p,2,1477.0,540.0,960.0
p310468lo9e,2,649.0,540.0,960.0
g31115dft5y,2,1270.0,864.0,486.0
h3106hxegbu,2,366.0,486.0,864.0
m3124f3496p,2,1143.0,864.0,486.0
s3126z34vka,2,3828.0,864.0,486.0
g3082kuf3gh,2,450.0,540.0,960.0
q3123aaijhl,2,258.0,486.0,864.0
i3082avuqzr,2,1265.0,486.0,864.0
j0978c32ebd,2,609.0,486.0,864.0
w3120aqsbms,2,362.0,540.0,960.0
l3150gttkfx,2,533.0,486.0,864.0
h3118kv13cn,2,419.0,540.0,960.0
q0979vcf8ph,2,439.0,540.0,960.0
q0978c0w8ga,2,473.0,540.0,960.0
f0979kv7cns,2,523.0,486.0,864.0
q3112tng1t6,2,328.0,486.0,864.0
s3125ct1luv,2,578.0,486.0,864.0
x0976fq4cv2,2,544.0,540.0,960.0
v09759vkxz9,2,1234.0,486.0,864.0
m311408a8mi,2,397.0,486.0,858.0
k31061rzwow,2,288.0,540.0,960.0
n3106p77gtx,2,661.0,540.0,960.0
c0980m9fub9,2,585.0,486.0,864.0
s31019eevxa,2,299.0,486.0,864.0
m3141ivhx4f,2,454.0,486.0,864.0
y0034l7grdg,2,1019.0,486.0,864.0
g3111donbto,2,804.0,486.0,864.0
o3105b1h082,2,453.0,540.0,960.0
v31014m0dkh,2,1531.0,864.0,486.0
g0978hlhzz0,2,287.0,486.0,864.0
o3108nbm6jn,2,447.0,486.0,864.0
c3119yo88su,2,358.0,486.0,864.0
m3105xq471n,2,634.0,540.0,960.0
l31421dpxr5,2,1531.0,864.0,486.0
u3142zvpwu9,2,606.0,486.0,864.0
s0034d3dem9,2,907.0,486.0,864.0
b3104i2mczs,2,504.0,486.0,864.0
d31139g61jq,2,367.0,486.0,864.0
v3110ijkvxh,2,2270.0,864.0,486.0
h3153re95zb,2,506.0,486.0,864.0
z0975e94dal,2,943.0,486.0,864.0
f31427x01kp,2,2507.0,486.0,864.0
d3115xlr3ha,2,467.0,540.0,960.0
j09796c3sje,2,258.0,540.0,960.0
w31287ji2yb,2,2018.0,864.0,486.0
q3129tkf286,2,2457.0,486.0,864.0
f3081rxxgsl,2,648.0,486.0,864.0
n311221sm7k,2,472.0,486.0,864.0
d3148zwxgwt,2,329.0,486.0,864.0
j3079m3f3h8,2,851.0,540.0,960.0
e31018a1q95,2,1065.0,486.0,864.0
n3102y843ml,2,271.0,540.0,948.0
l3120zi64kz,2,589.0,486.0,864.0
b3111xpm04f,2,430.0,486.0,864.0
o31124ixyz1,2,374.0,486.0,864.0
q31367f225x,2,1599.0,864.0,486.0
x3110zfrnaj,2,1011.0,486.0,864.0
e310717eu6y,2,455.0,540.0,960.0
t3102e53gq8,2,1392.0,486.0,864.0
m09804qtnjd,2,6269.0,864.0,486.0
c3100m0735z,2,668.0,540.0,960.0
h3103jqod04,2,224.0,540.0,960.0
h3100pbp5c3,2,1551.0,864.0,486.0
c09770lbclv,2,195.0,540.0,960.0
i3144nmoxrn,2,1233.0,486.0,864.0
d0977sb7gy8,2,476.0,486.0,864.0
u3104f98ff3,2,2184.0,864.0,486.0
w3146fnx6ks,2,2398.0,540.0,960.0
a0977malalz,2,284.0,486.0,864.0
g31398k7gt6,2,519.0,486.0,858.0
e3104krfvuh,2,1438.0,540.0,960.0
b0034j4r890,2,629.0,486.0,864.0
x3104ulakf6,2,324.0,486.0,864.0
c30780i18ct,2,1391.0,540.0,960.0
a3100th5o5f,2,542.0,540.0,960.0
b0978insidj,2,1062.0,864.0,486.0
s0034p0f52l,2,783.0,486.0,864.0
r3111pta3pe,2,621.0,540.0,960.0
h31343gqb3i,2,1878.0,486.0,864.0
j3104yo2xrn,2,332.0,540.0,960.0
m3080fk7x57,2,4532.0,864.0,486.0
a3116v6bnal,2,522.0,540.0,960.0
b0974stwcqv,2,2164.0,858.0,486.0
h0977hlvogb,2,3582.0,864.0,486.0
j3128yiyvon,2,380.0,486.0,864.0
p3080mo42r6,2,438.0,540.0,960.0
q0976w54omw,2,4597.0,864.0,486.0
v31043135rm,2,250.0,486.0,864.0
p3108yezlpd,2,1058.0,486.0,864.0
f311654336o,2,732.0,486.0,864.0
i3102ibqpte,2,378.0,486.0,864.0
w3202mblmk0,2,1072.0,1280.0,720.0
o3101rti94j,2,6238.0,864.0,486.0
n3124k6s7ry,2,2501.0,864.0,486.0
y3100sr7ehc,2,4535.0,864.0,486.0
w316340jr7y,2,755.0,820.0,486.0
m3107avxbp9,2,1446.0,486.0,864.0
f3106pulq7v,2,714.0,864.0,486.0
j3108jyhnv8,2,691.0,540.0,960.0
z30792va6an,2,2061.0,864.0,486.0
z0975s3diyw,2,8390.0,864.0,486.0
s3107smqg9c,2,3750.0,864.0,486.0
g3108gx4b5c,2,3368.0,864.0,486.0
d3151idtm46,2,14161.0,486.0,864.0
q0976cxeek5,2,641.0,540.0,960.0
e3080ztlx6k,2,7317.0,864.0,486.0
j09755t7ijm,2,10634.0,864.0,486.0
k3128iq0md8,2,242.0,486.0,864.0
i3119qlkru0,2,1041.0,540.0,960.0
x30817jrkg9,2,1898.0,864.0,486.0
p308000be1h,2,3963.0,864.0,486.0
a3115t0rk4q,2,843.0,486.0,864.0
e3158tbr0eh,2,1256.0,864.0,486.0
q3125tovyw7,2,4547.0,864.0,486.0
r31232imnwo,2,1207.0,486.0,864.0
e098089k6z4,2,369.0,540.0,960.0
c0034tstazq,2,6000.0,486.0,864.0
q3148ukya1f,2,974.0,864.0,486.0
g3115s95skc,2,500.0,540.0,960.0
a3162i660ss,2,628.0,864.0,486.0
g320672xlgm,2,1930.0,864.0,486.0
b3162tbf56m,2,830.0,820.0,486.0
x0974vjc363,2,1523.0,864.0,486.0
h3163g0qwys,2,288.0,864.0,486.0
o3157wgly1m,2,29154.0,864.0,486.0
y0979oaa7ww,2,5940.0,864.0,486.0
q3163oexhxq,2,746.0,864.0,486.0
z3081ncpvhl,2,718.0,486.0,864.0
y3113jx872q,2,326.0,540.0,960.0
d3200lkzy7z,2,415.0,864.0,486.0
v3119ir8qjw,2,1160.0,540.0,960.0
i0979402jq8,2,1403.0,864.0,486.0
f3107ipvjp6,2,1463.0,486.0,864.0
a3080lsyc9f,2,1655.0,864.0,486.0
x3100da6aji,2,2846.0,864.0,486.0
q31124uzpw3,2,797.0,864.0,486.0
r3105hd9y5h,2,8105.0,864.0,486.0
a32104twx4j,2,3467.0,864.0,486.0
p3162sg53qp,2,592.0,864.0,486.0
b320454768t,2,294.0,486.0,864.0
h3162405ihc,2,585.0,864.0,486.0
o30801q6nz7,2,312.0,540.0,960.0
k30804n8v5h,2,412.0,540.0,960.0
g3200t4ru7s,2,352.0,864.0,486.0
c310517og2p,2,5567.0,864.0,486.0
r3123m0joc4,2,628.0,486.0,864.0
m3081azdu2b,2,3429.0,864.0,486.0
x097771r2sd,2,323.0,540.0,960.0
g31003zb0k9,2,315.0,540.0,960.0
k3122z30x8x,2,383.0,486.0,864.0
g3128398f5l,2,265.0,486.0,864.0
p3106fbl8uw,2,4233.0,864.0,486.0
o0976adbly3,2,533.0,486.0,864.0
m097622uox8,2,180.0,486.0,856.0
q310007g8nl,2,358.0,540.0,960.0
o3103td2jkw,2,5677.0,864.0,486.0
c313257mq1u,2,270.0,486.0,864.0
v3103kn3azp,2,4655.0,864.0,486.0
j09768gg4qe,2,985.0,540.0,960.0
m0976ppfxxl,2,1344.0,864.0,486.0
m0976tmatgo,2,1374.0,540.0,960.0
v31018go9rv,2,4426.0,864.0,486.0
d3118wvqw35,2,4400.0,864.0,486.0
q31128213tj,2,1323.0,486.0,864.0
d31078qppui,2,259.0,486.0,864.0
c0976i9hhni,2,309.0,540.0,960.0
h0978adclrt,2,2134.0,864.0,486.0
h0978zpqew2,2,5805.0,864.0,486.0
t3123tlqqo4,2,4903.0,864.0,486.0
w09760jjjpu,2,4578.0,864.0,486.0
f3133vdxy1q,2,735.0,540.0,960.0
a3111lhdfvp,2,1654.0,486.0,728.0
k3079n6xk19,2,4734.0,864.0,486.0
j0976xenc7z,2,790.0,540.0,960.0
h315849mmse,2,479.0,864.0,486.0
f3145re1tw8,2,940.0,864.0,486.0
u3158wcra8r,2,724.0,864.0,486.0
x3114vro4c8,2,3229.0,864.0,486.0
e3162nrhsfm,2,1146.0,864.0,486.0
n3202ca6yvq,2,362.0,864.0,486.0
x3163gl23ra,2,767.0,820.0,486.0
y3164c6inby,2,319.0,864.0,486.0
d31162ar1yp,2,386.0,864.0,486.0
a31582wtt4m,2,522.0,864.0,486.0
w3202u92pc5,2,406.0,720.0,1280.0
z3156d9rnm1,2,1298.0,820.0,486.0
a3158a63zec,2,690.0,820.0,486.0
d31577xikz2,2,255.0,540.0,960.0
h3141nqgeza,2,963.0,864.0,486.0
r32004pdjh2,2,721.0,864.0,486.0
s315455yy5h,2,528.0,864.0,486.0
t3158a1182g,2,408.0,864.0,486.0
g31623mc1s6,2,1159.0,864.0,486.0
o3146kis8be,2,926.0,864.0,486.0
x31643911ij,2,405.0,1216.0,720.0
d316214bztk,2,664.0,864.0,486.0
j3200fb8857,2,748.0,864.0,486.0
g3201ff02pp,2,31360.0,864.0,486.0
d31656qaj1v,2,593.0,864.0,486.0
e3156cn226e,2,1461.0,864.0,486.0
c3209fg2xyp,2,1457.0,864.0,486.0
m3232x0cxqa,2,1500.0,540.0,960.0
z3232813mbw,2,921.0,486.0,864.0
g3232answkc,2,413.0,540.0,952.0
e3232j0j7yy,2,1116.0,864.0,486.0
f3232kmg15y,2,382.0,540.0,960.0
f3232djdr21,2,1157.0,540.0,960.0
b32326sn4bh,2,593.0,486.0,864.0
t32324b915i,2,1500.0,540.0,960.0
w323268w15c,2,493.0,486.0,864.0
a3232uf42hk,2,1575.0,486.0,864.0
n3232r2ttdo,2,11378.0,864.0,486.0
x3232tddcw3,2,319.0,540.0,960.0
n32322ksy7q,2,2067.0,864.0,486.0
w3232gtnwnr,2,6921.0,864.0,486.0
o32326jzlat,2,13574.0,864.0,486.0
z3232l54p51,2,1364.0,486.0,864.0
d3232lb17wq,2,2570.0,864.0,486.0
v323279krfw,2,3281.0,864.0,486.0
q3232aikcxy,2,1178.0,540.0,960.0
y3231s1jd76,2,866.0,486.0,864.0
g3232l414ct,2,1422.0,486.0,864.0
x3232e2fgdd,2,10698.0,864.0,486.0
s32315xucqj,2,1203.0,486.0,864.0
x32321hu9fp,2,738.0,486.0,864.0
o3232p8hyms,2,1500.0,540.0,960.0
e3232wjob2e,2,1959.0,486.0,864.0
t32321vos48,2,2067.0,864.0,486.0
g3232t6e17a,2,13349.0,864.0,486.0
u3232imxhzd,2,2412.0,486.0,864.0
g3232te6cm5,2,1349.0,540.0,960.0
r3232dz5cm0,2,1159.0,864.0,486.0
y3232jcafub,2,1201.0,864.0,486.0
c3232h59kxk,2,9815.0,864.0,486.0
r323278un3s,2,1735.0,864.0,486.0
i3232ykr8da,2,537.0,864.0,486.0
r3232l50k9n,2,389.0,486.0,864.0
f32311m0o88,2,3390.0,486.0,864.0
a3232fi1ahb,2,2957.0,864.0,486.0
s3232ozkj3l,2,1656.0,864.0,486.0
n3232byhsmv,2,393.0,540.0,960.0
v3231nthtex,2,1893.0,864.0,486.0
w32314kgjcg,2,525.0,486.0,864.0
d3232048hha,2,1475.0,486.0,864.0
e323176tu93,2,2225.0,486.0,864.0
u3232zg9956,2,2302.0,486.0,864.0
r32324zlyir,2,1625.0,864.0,486.0
c32316lsxev,2,1860.0,864.0,486.0
w3231aa124g,2,834.0,486.0,852.0
u3232ho10oi,2,3376.0,864.0,486.0
e3232tj4adc,2,578.0,540.0,960.0
k3231nozbp9,2,5531.0,486.0,864.0
e3232k50cwa,2,413.0,486.0,864.0
t3232znjymu,2,429.0,864.0,486.0
r3232s3eu2m,2,1144.0,486.0,864.0
e3231whfvec,2,2773.0,486.0,864.0
r3232twfo9z,2,1474.0,486.0,864.0
t3232ktc6vw,2,1132.0,486.0,864.0
r3231f55rz7,2,1866.0,864.0,486.0
j3232j3owmq,2,2188.0,540.0,960.0
c323225jryj,2,1959.0,864.0,486.0
g3232qruc83,2,1123.0,486.0,864.0
u32323y6fvi,2,275.0,540.0,960.0
j32326tauep,2,550.0,486.0,860.0
z323265p796,2,589.0,486.0,864.0
e3232cs67nl,2,1364.0,540.0,960.0
g32324xg5c3,2,980.0,486.0,864.0
i3232l1yvuo,2,381.0,486.0,864.0
d32328ze8l9,2,618.0,486.0,864.0
e32313hpyj3,2,6997.0,864.0,486.0
y323238r2b9,2,510.0,486.0,864.0
h3232wioapc,2,5382.0,864.0,486.0
p32325mxrs4,2,6943.0,864.0,486.0
z32322mzuq5,2,520.0,864.0,486.0
l3232ybuzmp,2,936.0,864.0,486.0
r3232gx3inw,2,358.0,540.0,960.0
r323240vww2,2,2361.0,864.0,486.0
e32310px2i9,2,6322.0,864.0,486.0
i3232skdxva,2,1750.0,486.0,864.0
z3232x9huu2,2,315.0,486.0,864.0
y3231el3800,2,1094.0,486.0,864.0
k3232xbdryc,2,1324.0,486.0,864.0
p3232zl6slj,2,653.0,540.0,960.0
v32327b4e4x,2,921.0,540.0,960.0
g3232f13c8k,2,755.0,486.0,864.0
g323200jdbx,2,376.0,540.0,960.0
j3232rrte43,2,1293.0,540.0,960.0
l3232kk8xh0,2,3009.0,864.0,486.0
m3232cqlthu,2,907.0,486.0,864.0
f3231ggoatg,2,3209.0,864.0,486.0
s3232nwes02,2,1046.0,540.0,960.0
n3232bsitaz,2,2662.0,864.0,486.0
d32327iwb4v,2,3294.0,864.0,486.0
q3231k44kf6,2,2834.0,486.0,864.0
l3232x0elfj,2,744.0,486.0,864.0
z323245hs0o,2,1269.0,864.0,486.0
v3232jhloro,2,6956.0,864.0,486.0
o32319y98a1,2,1566.0,864.0,486.0
v3232uttbrk,2,9079.0,864.0,486.0
o3232n2dze6,2,1045.0,540.0,960.0
w3232cuy7x0,2,2441.0,864.0,486.0
g3232x4y6fy,2,2242.0,864.0,486.0
e3232qk1ltl,2,1802.0,540.0,960.0
o3232sv92ud,2,707.0,540.0,960.0
d3231cq10ys,2,660.0,864.0,486.0
m3232htm94m,2,257.0,486.0,864.0
j32326z0ja4,2,630.0,486.0,864.0
d3232vnr2c4,2,1272.0,540.0,960.0
n3232l5fneg,2,2756.0,540.0,960.0
z3231v9o9zr,2,1552.0,456.0,864.0
r32320u7c3z,2,505.0,486.0,864.0
s3232yiyux0,2,298.0,540.0,960.0
s3232m38xte,2,5238.0,864.0,486.0
m32327c68we,2,1686.0,864.0,486.0
u3232k6daks,2,2457.0,864.0,486.0
v3232okikgt,2,5673.0,864.0,486.0
a3231b51u9b,2,18425.0,864.0,486.0
h3232xks5nz,2,323.0,486.0,864.0
o3232klauz8,2,369.0,486.0,864.0
a3232simv2c,2,2336.0,864.0,486.0
f3232jy3r65,2,4834.0,864.0,486.0
h3232yzrfwx,2,2068.0,864.0,486.0
z32327s9vzw,2,500.0,540.0,960.0
x3231a0iqkk,2,2095.0,486.0,864.0
u3232s2ywa3,2,465.0,864.0,486.0
p32321hous8,2,452.0,540.0,960.0
z3232rjlncj,2,468.0,540.0,960.0
v3232y5e2zl,2,429.0,540.0,960.0
e3232hpt1e5,2,1502.0,864.0,486.0
a3232zbcarr,2,1945.0,486.0,864.0
y3232m4ax0w,2,294.0,486.0,864.0
b3232fxtc63,2,1267.0,486.0,864.0
j32327g4h4i,2,4783.0,864.0,486.0
h32324t0gna,2,866.0,486.0,864.0
r3232pkx5lr,2,1197.0,540.0,960.0
o3232af6inb,2,2192.0,864.0,486.0
d3232ilsqi9,2,1100.0,486.0,864.0
z32320c024v,2,3768.0,864.0,486.0
p32323yu026,2,628.0,540.0,960.0
a3232rtwji4,2,2361.0,864.0,486.0
w3232yhfba6,2,8108.0,864.0,486.0
h3232afwpue,2,1717.0,864.0,486.0
n3232qh2lkh,2,3200.0,540.0,960.0
y3232tpm934,2,3472.0,864.0,486.0
n3231em2s76,2,2674.0,486.0,864.0
l32321upxtz,2,263.0,486.0,864.0
y3232rf4pwv,2,1470.0,486.0,864.0
q3232wbxx6z,2,3026.0,864.0,486.0
m32315vh2t8,2,328.0,486.0,864.0
j3232tz3non,2,513.0,540.0,960.0
c3232zybszb,2,667.0,486.0,864.0
v3232n6uvh2,2,5561.0,864.0,486.0
k323272rr3f,2,377.0,540.0,960.0
f323225yhxd,2,3779.0,864.0,486.0
d3232w9rv6d,2,6525.0,864.0,486.0
h32323c8q0x,2,627.0,540.0,960.0
p3232gp47iu,2,1486.0,486.0,864.0
m3232kaf2g3,2,2451.0,864.0,486.0
p3232y60bz2,2,688.0,486.0,864.0
b32328ebbla,2,5720.0,486.0,864.0
e32328016rj,2,325.0,486.0,864.0
c3232uy9jh1,2,3366.0,864.0,486.0
v3232jucemc,2,6451.0,864.0,486.0
u3232zjbh3d,2,777.0,486.0,864.0
s3232nk3i07,2,2762.0,864.0,486.0
s32329q8eo0,2,1302.0,486.0,864.0
k3232mk8gpy,2,1423.0,486.0,864.0
m323260yhey,2,2779.0,864.0,486.0
m3232s1m4hs,2,375.0,486.0,864.0
w32271952hd,2,1374.0,486.0,864.0
u3232o6nwj9,2,2279.0,540.0,960.0
o32323pyrzi,2,288.0,486.0,864.0
c0036b5543v,2,578.0,864.0,486.0
z3232it2lub,2,572.0,486.0,864.0
d3232dz5po1,2,831.0,486.0,864.0
b3232r8gnbj,2,4433.0,864.0,486.0
k00368nntin,2,4400.0,486.0,864.0
c32327thjj8,2,1388.0,486.0,864.0
d3231msyz0r,2,3506.0,864.0,486.0
d3232i9pbxa,2,940.0,486.0,864.0
z3232ts92zt,2,457.0,486.0,864.0
y3232u8gu7t,2,2545.0,864.0,486.0
t3232vumtkt,2,1308.0,864.0,486.0
m3232py9tfs,2,4010.0,864.0,486.0
p3232u6b84p,2,2215.0,486.0,648.0
p3232ro9n7f,2,7068.0,864.0,486.0
f3232lxnvkg,2,439.0,486.0,864.0
a3232jeqzg0,2,6231.0,864.0,486.0
e0036jh4m3c,2,2164.0,864.0,486.0
p3232rtje3u,2,1179.0,486.0,864.0
i3232vbtnbu,2,2468.0,864.0,486.0
k3232e5u2qu,2,2545.0,864.0,486.0
n3232uvd4u8,2,5176.0,864.0,486.0
m3231iim7qd,2,1437.0,486.0,864.0
r3232alop3k,2,1648.0,486.0,864.0
v3232inqc41,2,441.0,540.0,960.0
f3232mhpr1c,2,553.0,486.0,864.0
f3230l62xie,2,2130.0,864.0,486.0
q32316vsn8d,2,794.0,864.0,486.0
y3232c01pe3,2,1310.0,486.0,864.0
r3232s52lee,2,6479.0,864.0,486.0
z3232w50r5d,2,420.0,540.0,960.0
p3232zvzpgv,2,331.0,540.0,960.0
s32315rpq1p,2,1466.0,864.0,486.0
v3232mi2nkc,2,486.0,486.0,864.0
v323221ydfb,2,972.0,486.0,864.0
n3232keajuz,2,653.0,960.0,540.0
r3232etrilx,2,368.0,486.0,864.0
l3232lzgxzy,2,1022.0,864.0,486.0
a3232tleaw9,2,7658.0,864.0,486.0
x3232uwhnft,2,511.0,864.0,486.0
p3232tmxp16,2,928.0,540.0,960.0
o3232xnfghu,2,299.0,486.0,864.0
u3232u75xf2,2,1932.0,486.0,864.0
i3232j2sj1b,2,1747.0,864.0,486.0
i3232zc4y0z,2,1002.0,540.0,960.0
e32325nguvk,2,1763.0,486.0,864.0
z32328ped51,2,1004.0,864.0,486.0
y3232nlue0t,2,2190.0,486.0,864.0
r3232zduqyh,2,5756.0,864.0,486.0
n3228xf2to9,2,2083.0,486.0,864.0
k32324tzzsq,2,7146.0,864.0,486.0
q3232lrb8my,2,840.0,540.0,960.0
r323248wdo6,2,1415.0,540.0,960.0
o3232tuho70,2,2229.0,864.0,486.0
p3232twjjw8,2,3781.0,864.0,486.0
a3232ulhd9b,2,8471.0,864.0,486.0
k32323b4y7u,2,2289.0,864.0,486.0
i3232zn11ae,2,815.0,486.0,864.0
a3232e070hd,2,1563.0,864.0,486.0
j3232guuohr,2,4313.0,864.0,486.0
t3232mmtk5o,2,770.0,486.0,864.0
c3232fvafsp,2,3124.0,864.0,486.0
z3232sco6mw,2,1710.0,486.0,864.0
w3232s0sshe,2,596.0,486.0,864.0
b3232hatwjr,2,5696.0,864.0,486.0
v3232hu3hqn,2,11204.0,864.0,486.0
k3231u1dh06,2,383.0,486.0,864.0
m32318457va,2,1589.0,486.0,864.0
m3232mqdu1i,2,3969.0,864.0,486.0
p32306hm1s8,2,750.0,486.0,864.0
i3232twe77q,2,366.0,540.0,960.0
b3232mchx2y,2,1578.0,864.0,486.0
k32329bzv1j,2,2676.0,864.0,486.0
z3232cbalfs,2,400.0,540.0,960.0
y3232ybscqh,2,2344.0,486.0,864.0
y3232no69q3,2,6735.0,864.0,486.0
x32324bo391,2,1028.0,540.0,960.0
s3232ks9apz,2,608.0,486.0,864.0
m0036z8zc1o,2,352.0,486.0,864.0
h3232otwgnv,2,2329.0,864.0,486.0
g3232u6nugm,2,2175.0,864.0,486.0
k3232uvuuk9,2,2974.0,864.0,486.0
f3232p6hrd1,2,410.0,540.0,960.0
h3232mktg4b,2,1560.0,864.0,486.0
f3232zvf5pt,2,5256.0,486.0,864.0
h32323ttpuq,2,5549.0,864.0,486.0
a32323ga168,2,3484.0,864.0,486.0
f3231bhae2r,2,2366.0,864.0,486.0
z3232u8n7cq,2,1202.0,540.0,960.0
t3232jfadkv,2,378.0,540.0,960.0
w3232a7ezp9,2,2194.0,864.0,486.0
a3231c856iv,2,3002.0,864.0,486.0
h3232hj9hye,2,969.0,540.0,960.0
v3232fxafgf,2,3328.0,486.0,864.0
p3232tsnkah,2,662.0,486.0,864.0
v3232lrj09g,2,1813.0,864.0,486.0
j32323rl1a8,2,2398.0,864.0,486.0
x3232cr9ydn,2,375.0,486.0,864.0
i3232gnw550,2,4807.0,864.0,486.0
w3232gis50t,2,4116.0,864.0,486.0
v3232f5295r,2,982.0,486.0,864.0
f3232z654n4,2,268.0,540.0,960.0
r3232nxlbha,2,3413.0,864.0,486.0
t3232k3pp64,2,1365.0,960.0,540.0
s3232w4k7zs,2,6812.0,864.0,486.0
a3232m4zxbf,2,1324.0,864.0,486.0
z3232j9cxwf,2,2218.0,864.0,486.0
e0036c16f8p,2,5067.0,864.0,486.0
p3232eg5axk,2,5018.0,864.0,486.0
g3232avqzdi,2,1766.0,486.0,864.0
j3232pg2w5s,2,469.0,486.0,864.0
m3232wtlbhv,2,1824.0,864.0,482.0
z3232yoac2t,2,1901.0,864.0,486.0
d3232h1c0i1,2,2936.0,864.0,486.0
u3232c43aoj,2,3547.0,540.0,960.0
a3232e6du8y,2,4304.0,864.0,486.0
q3232317onx,2,2298.0,540.0,960.0
e32328qkggp,2,5138.0,864.0,486.0
j3232cor1ed,2,3202.0,864.0,486.0
h3232gki021,2,596.0,486.0,864.0
v3232ph3jsg,2,250.0,486.0,864.0
p3231h2g9h0,2,3464.0,486.0,864.0
i3232qcialp,2,3532.0,864.0,486.0
z3232y7ht4d,2,1474.0,486.0,864.0
y323209c2kj,2,7052.0,864.0,486.0
h32327zusr5,2,1846.0,864.0,486.0
w3232zsfhs3,2,340.0,540.0,960.0
u3230h44yi1,2,5422.0,864.0,486.0
q3232zpbyup,2,570.0,486.0,864.0
q323252bqwc,2,6601.0,864.0,486.0
n3232ktvfej,2,6620.0,864.0,486.0
a00369elo78,2,3889.0,486.0,864.0
p32321n1kka,2,408.0,540.0,960.0
y3232e4sbe7,2,2175.0,486.0,864.0
z32329eh5kn,2,498.0,486.0,864.0
e32329p5lw9,2,2957.0,864.0,486.0
l3231xe7o10,2,2742.0,864.0,486.0
g323258zth1,2,1360.0,486.0,864.0
w32328y6yru,2,2756.0,864.0,486.0
z32315y938l,2,4841.0,864.0,486.0
h3232jvpi4a,2,2688.0,864.0,486.0
p3232jft4gd,2,2722.0,864.0,486.0
m323264pet4,2,690.0,540.0,960.0
v3231prxtrk,2,2013.0,864.0,486.0
w3231b052n5,2,1962.0,864.0,486.0
e3232794fpi,2,13651.0,864.0,486.0
j3232zucjql,2,962.0,486.0,864.0
z3232usjp9p,2,8499.0,864.0,486.0
y3231ogb3al,2,1286.0,486.0,864.0
b3232lo59gj,2,929.0,486.0,864.0
s3232zjisql,2,1733.0,486.0,864.0
q3232dpkkjw,2,3771.0,486.0,648.0
i32322eph2y,2,503.0,486.0,864.0
k3232dlczi5,2,272.0,540.0,960.0
v3231eup251,2,1340.0,486.0,864.0
r3231gtjja6,2,283.0,486.0,864.0
w3232876vbz,2,347.0,486.0,864.0
m3232kryo19,2,522.0,486.0,864.0
l32315a54z0,2,1575.0,486.0,864.0
s32315c3n52,2,2431.0,486.0,864.0
i3232tdyxki,2,333.0,486.0,864.0
j3231jpyqzk,2,2870.0,864.0,486.0
x3232e2t846,2,1500.0,540.0,960.0
r32326mbbr7,2,885.0,486.0,864.0
m3232h1el0m,2,578.0,484.0,864.0
f32324b581k,2,4991.0,864.0,486.0
c3232gzfhkv,2,394.0,540.0,960.0
i32321ropid,2,351.0,486.0,864.0
i3232cg1uvy,2,283.0,486.0,864.0
o3232qwo2sy,2,406.0,486.0,864.0
z3231b12ysa,2,271.0,486.0,864.0
g3232urtswr,2,1921.0,486.0,864.0
v3232jabs7v,2,658.0,486.0,864.0
x3232sn9jvj,2,1914.0,486.0,864.0
b3232serht2,2,399.0,486.0,864.0
x32325u1afb,2,394.0,486.0,864.0
e32324ig0qk,2,9151.0,864.0,486.0
o3232f0pica,2,1813.0,864.0,486.0
e3231otnsrf,2,2348.0,864.0,486.0
u32321exne2,2,1388.0,486.0,864.0
d3232lanjxz,2,2389.0,540.0,960.0
a3232fcwchg,2,314.0,486.0,864.0
b32322mlmiy,2,6837.0,864.0,486.0
p32325b4cu6,2,903.0,486.0,864.0
n3232ozn8z2,2,1335.0,864.0,486.0
p3232yr3h13,2,2272.0,864.0,486.0
d3232pjfh1n,2,1417.0,486.0,864.0
l3232e5sf3c,2,2464.0,486.0,864.0
h3232zkrcou,2,1274.0,486.0,860.0
d3232tcy2nf,2,1578.0,486.0,864.0
w3231ttmyzi,2,379.0,486.0,864.0
t32321tkh2k,2,350.0,486.0,864.0
x3232acbztd,2,312.0,486.0,864.0
r3232mn7wbv,2,341.0,486.0,864.0
f32322xfri7,2,304.0,486.0,864.0
g3232fucr6f,2,687.0,486.0,864.0
q3232fl4yq5,2,510.0,540.0,960.0
d3232ed277f,2,273.0,486.0,864.0
j3232yjipov,2,399.0,486.0,864.0
i32322ig14h,2,1530.0,486.0,864.0
m3232a41xfe,2,2752.0,864.0,486.0
p3232mulix9,2,504.0,486.0,864.0
d3232bw4oor,2,2084.0,486.0,864.0
y32325u3rqe,2,7773.0,864.0,486.0
l3232nx0jpn,2,5110.0,864.0,486.0
y323201ew01,2,2405.0,486.0,864.0
d32320372mx,2,252.0,540.0,960.0
b3232a3mez5,2,5069.0,864.0,486.0
z32327yaf95,2,409.0,486.0,568.0
h3232pz0s40,2,1190.0,864.0,486.0
d3232ht0tz1,2,563.0,486.0,858.0
q3232cub9cf,2,3305.0,864.0,486.0
q3232z2071m,2,547.0,486.0,864.0
j3232lkr7rr,2,1287.0,540.0,960.0
v3232jm50be,2,3365.0,540.0,960.0
f3232swh4af,2,1280.0,1920.0,1080.0
i32323a8vkb,2,256.0,540.0,960.0
s3232mhtqit,2,2258.0,486.0,864.0
l3232avmble,2,975.0,486.0,864.0
o3232qu8cce,2,528.0,540.0,960.0
t3232yv83rr,2,1813.0,864.0,486.0
p3232tepfzj,2,263.0,486.0,860.0
y3232yodqx0,2,457.0,486.0,864.0
s3232jj420p,2,432.0,540.0,960.0
z3232ksrm5b,2,1500.0,540.0,960.0
q00368s5v4q,2,2098.0,864.0,486.0
y3232ykcdta,2,1081.0,864.0,486.0
g3232m4845j,2,1261.0,540.0,960.0
d3232x6vf3c,2,390.0,486.0,864.0
n32327vdfvx,2,8604.0,864.0,486.0
l3232grlz3e,2,1775.0,864.0,486.0
t32324pwh4g,2,367.0,486.0,864.0
r3232twscvb,2,3568.0,864.0,486.0
b32320b6vvs,2,6061.0,864.0,486.0
c3227mui6bj,2,595.0,540.0,960.0
h3231tbxc6l,2,288.0,540.0,960.0
c3227okjaj2,2,303.0,486.0,864.0
l32310fs582,2,33706.0,864.0,486.0
s3231j4dnhf,2,373.0,540.0,960.0
h3214dhyhtq,0,13182.0,864.0,486.0
p3134pxmgq6,0,2932.0,864.0,486.0
h3220nw4rxh,0,329.0,486.0,864.0
m3220dvvj1w,0,17507.0,864.0,486.0
w0034lc8ys0,0,3363.0,864.0,486.0
q3220sgbmr2,0,558.0,486.0,864.0
v32204ob5vu,0,495.0,486.0,864.0
o3220wztwzh,0,6745.0,864.0,448.0
h3220boh2ca,0,283.0,486.0,864.0
s3149lejiq6,0,739.0,864.0,486.0
d32209dkjvf,0,405.0,486.0,864.0
c0035i96943,0,3784.0,864.0,486.0
i3220tqpvyl,0,222.0,486.0,864.0
y3220kwx9nk,0,1533.0,864.0,486.0
o0390vjkv9j,0,2516.0,480.0,352.0
s3220uokwlr,0,237.0,486.0,858.0
s0035xxzwpf,0,1340.0,864.0,486.0
o3219n8opwr,0,2932.0,864.0,486.0
g3220amr2pn,0,1460.0,486.0,864.0
g32201a044p,0,2706.0,864.0,486.0
s3220qm1dbn,0,2037.0,864.0,486.0
i32202ewgck,0,5068.0,864.0,486.0
w32201qxhq5,0,2249.0,864.0,486.0
r1437izuptc,0,7541.0,864.0,486.0
y32201rl1kg,0,2318.0,864.0,486.0
m3220s5msrm,0,503.0,540.0,960.0
v3105v6zyld,0,6001.0,864.0,486.0
a3219pmkv45,0,10402.0,864.0,486.0
l3220akj3b3,0,1648.0,864.0,486.0
t0035ung0cy,0,424.0,864.0,486.0
c3220t8e7wj,0,1722.0,486.0,864.0
g3220n6gt94,0,6599.0,864.0,486.0
j0035axgs70,0,7625.0,864.0,486.0
u3220u40sgk,0,820.0,864.0,486.0
k3220hcvhcr,0,268.0,486.0,864.0
u088677z3dv,0,594.0,864.0,486.0
w3126wgvu93,0,251.0,540.0,960.0
y3220kw9ttp,0,2011.0,864.0,486.0
f3220swkoi3,0,216.0,540.0,720.0
s3220si4w9x,0,1013.0,864.0,486.0
b0518dg63pa,0,1650.0,848.0,480.0
l3219t0v83w,0,501.0,486.0,864.0
b3220gmmcxa,0,601.0,674.0,486.0
c3220ldbs7h,0,6120.0,864.0,486.0
s0034yqn82b,0,7909.0,842.0,486.0
s3151qbqlkj,0,948.0,864.0,486.0
c32201r159u,0,808.0,864.0,486.0
x32205d8a21,0,451.0,496.0,960.0
s3220w96bel,0,609.0,864.0,486.0
r3220sdlicz,0,353.0,486.0,864.0
l3220obbgtj,0,1237.0,864.0,486.0
u321953c46w,0,1578.0,864.0,482.0
n3220tf6hr7,0,513.0,864.0,486.0
n00346mwdec,0,576.0,486.0,864.0
i3220352rhe,0,4529.0,864.0,486.0
e3220llgm8j,0,1728.0,864.0,486.0
u3220wq4pa3,0,1327.0,864.0,486.0
q3103qhxy2f,0,728.0,864.0,486.0
z3220krof3q,0,383.0,540.0,960.0
l0035fnxywk,0,5599.0,864.0,486.0
b3219jwgfhr,0,360.0,864.0,486.0
w3219q3c6py,0,1053.0,864.0,486.0
j0365skrsbi,0,936.0,848.0,480.0
f3219xtqbky,0,2525.0,864.0,486.0
k31077y53a9,0,911.0,486.0,648.0
i3219ost8vv,0,1549.0,864.0,486.0
p3219y0fsza,0,3867.0,864.0,486.0
b0034ertpwd,0,1406.0,486.0,864.0
x321961cj2r,0,12029.0,864.0,486.0
m3219uvxey6,0,2537.0,864.0,486.0
w3219mx9jek,0,3096.0,864.0,486.0
v3114nphat1,0,976.0,486.0,486.0
m00356q22ee,0,5015.0,864.0,486.0
r3219ala5tb,0,1920.0,864.0,486.0
o05191y9oo1,0,1742.0,848.0,480.0
q3219maxx4e,0,1868.0,864.0,486.0
s32194j8ita,0,1458.0,710.0,486.0
y32197mvzdk,0,7612.0,864.0,486.0
n3219bry0ta,0,489.0,486.0,864.0
k3102ncg7us,0,1874.0,864.0,486.0
o3219kq6baj,0,364.0,486.0,864.0
l3219z3glxr,0,2642.0,864.0,486.0
e321928b6ye,0,294.0,486.0,864.0
v0035zr1pfb,0,1586.0,864.0,486.0
q32195ca0rj,0,2081.0,864.0,486.0
q321928yyfa,0,321.0,486.0,864.0
j3108gmfuwg,0,9239.0,864.0,368.0
k32194mnf35,0,297.0,486.0,486.0
l3219do911o,0,2288.0,864.0,486.0
k32193rlkdg,0,1053.0,864.0,486.0
z0975qm6s04,0,1571.0,666.0,486.0
q3219vqg990,0,1237.0,864.0,486.0
i3219uvdler,0,3017.0,864.0,486.0
n3219sgbqdc,0,270.0,486.0,864.0
m3219rsbpsd,0,330.0,486.0,864.0
y3219d7u29v,0,3659.0,864.0,486.0
y3219w8ascj,0,4316.0,864.0,486.0
m32191ywt1b,0,331.0,864.0,486.0
n3219d5bb51,0,313.0,486.0,864.0
o3219fq5dkl,0,1248.0,864.0,486.0
s32193o4b4f,0,1654.0,864.0,486.0
h32194jr9v6,0,791.0,864.0,486.0
v003532ohaz,0,5000.0,864.0,486.0
o00358r8avj,0,4998.0,864.0,486.0
z3219qb52zm,0,2447.0,864.0,486.0
m3219bv45du,0,563.0,486.0,864.0
p3219obm6y6,0,1428.0,864.0,486.0
n3219d5l5m9,0,16354.0,864.0,486.0
h3219umdh2x,0,1668.0,864.0,486.0
m3219evf0tg,0,357.0,486.0,860.0
s3219qkunb6,0,1156.0,864.0,486.0
m3219fax53l,0,2865.0,864.0,486.0
x3219qx361d,0,1613.0,864.0,486.0
z3219aix64h,0,1449.0,864.0,486.0
w0035w3r8dj,0,1038.0,864.0,486.0
g3212tgy15m,0,4346.0,864.0,486.0
q3219jgyyt5,0,3138.0,864.0,486.0
m00347pdgug,0,375.0,486.0,864.0
d3219frolto,0,2542.0,864.0,486.0
z3154xwydg4,0,1533.0,608.0,486.0
f3219t7r4d0,0,1549.0,486.0,676.0
z3219o565jr,0,4862.0,864.0,486.0
e3131cjh10b,0,318.0,400.0,864.0
b32190nlsnw,0,318.0,486.0,864.0
f3219tdk9up,0,2693.0,864.0,486.0
z3219ly3n69,0,5645.0,864.0,486.0
z3219wecalr,0,2696.0,486.0,864.0
f00350zwgxa,0,10184.0,864.0,486.0
g3219yyv2rj,0,1556.0,864.0,486.0
v0035i5s09k,0,6238.0,864.0,486.0
v32125rs24t,0,260.0,486.0,864.0
s3219wrf1yc,0,1585.0,864.0,486.0
b3219t5rqr1,0,409.0,486.0,864.0
o32197o5tni,0,230.0,486.0,864.0
h3219mp177h,0,555.0,540.0,960.0
l32190tqp31,0,447.0,540.0,960.0
t32197am37j,0,235.0,486.0,864.0
j3219gc7d0t,0,12148.0,864.0,410.0
i3219o6l40m,0,2020.0,864.0,486.0
b3219ey3u8r,0,2693.0,864.0,486.0
d3219j6g7iu,0,2696.0,864.0,486.0
x3219ckkmbq,0,2574.0,864.0,486.0
m3219vq16pv,0,1658.0,864.0,486.0
c3219960ej8,0,445.0,486.0,864.0
t32197ce5km,0,552.0,864.0,486.0
b3219yct20s,0,1502.0,864.0,486.0
d32198lbr54,0,3254.0,864.0,486.0
z3219d97slw,0,1701.0,864.0,486.0
g3219yyephg,0,2267.0,864.0,486.0
m3219oaaolj,0,1885.0,864.0,486.0
b32196rq5vz,0,2230.0,864.0,486.0
k32195ufdri,0,982.0,864.0,486.0
i3212yc1s8l,0,751.0,486.0,486.0
p3219tfhxgo,0,5344.0,864.0,446.0
k3219tdfmq3,0,5245.0,858.0,486.0
g3219cmvxtl,0,3289.0,864.0,486.0
v3219cqkqff,0,3497.0,864.0,486.0
u3219dnxn08,0,2859.0,864.0,486.0
p321907z05i,0,216.0,486.0,854.0
u3219ny6jqo,0,7658.0,864.0,486.0
h3218pplz6k,0,1645.0,864.0,486.0
c32193v5nfk,0,811.0,864.0,486.0
c3219nn03vb,0,3707.0,486.0,864.0
h3219mythpo,0,7466.0,864.0,486.0
p3219p916r3,0,315.0,540.0,960.0
e3071atwv0l,0,598.0,648.0,486.0
i3219iejuo9,0,1606.0,864.0,486.0
t3219gvz2qs,0,4723.0,486.0,858.0
k3219o4h8hd,0,10838.0,864.0,486.0
p3219rxw47k,0,1443.0,486.0,864.0
l03705212aw,0,590.0,608.0,352.0
e3219zlz56j,0,1523.0,864.0,486.0
l0975rk65l1,0,427.0,864.0,484.0
m3219658qh1,0,9789.0,864.0,486.0
a3219xslf8c,0,5133.0,864.0,486.0
q3219gk97bf,0,6252.0,864.0,486.0
f3219al0q9q,0,5393.0,864.0,486.0
c3219kxhmwu,0,4767.0,864.0,486.0
h3219dj406i,0,2869.0,864.0,486.0
g321917uzzz,0,3835.0,864.0,486.0
z1437ay66a0,0,1387.0,648.0,486.0
r3219iuouqm,0,2289.0,864.0,486.0
z0035s9ka8l,0,569.0,864.0,486.0
i0035n9w2i4,0,5852.0,864.0,486.0
o3219m2m80k,0,251.0,486.0,864.0
c0034ids0z9,0,40714.0,648.0,486.0
q3219ei2gnl,0,1829.0,858.0,486.0
u3219hzo36q,0,307.0,486.0,864.0
r3219cnc71i,0,252.0,486.0,864.0
z3219yb8w4w,0,1796.0,486.0,864.0
y3219m322is,0,1069.0,864.0,486.0
t32190vudi5,0,331.0,486.0,864.0
a0035h131il,0,11342.0,864.0,486.0
z3219oeucx0,0,213.0,486.0,864.0
x0977ay6dbl,0,10464.0,864.0,486.0
i32194oxk8w,0,12182.0,864.0,486.0
t3219c6brg7,0,4652.0,864.0,486.0
j3219d4bp16,0,3673.0,864.0,486.0
j321961mgrr,0,341.0,486.0,864.0
x3219ammdcr,0,2056.0,864.0,486.0
u3219mb2yvb,0,429.0,486.0,860.0
e32199vea0l,0,790.0,864.0,486.0
u3219zcz1nk,0,294.0,486.0,864.0
s31039vxbnj,0,3945.0,864.0,486.0
l0979jf9qxg,0,354.0,540.0,960.0
n3113quua6i,0,294.0,864.0,486.0
y31153d05sn,0,3509.0,678.0,486.0
c31440rfm0i,0,203.0,864.0,486.0
c3100jznhw3,0,951.0,864.0,486.0
o3101fg3s2s,0,568.0,864.0,426.0
v0976skz88x,0,3677.0,612.0,486.0
w3079pafwk6,0,14613.0,864.0,486.0
c0979jwtdsm,0,7501.0,864.0,484.0
o3081tj8u4i,0,457.0,864.0,486.0
z0979ti9vpe,0,323.0,864.0,486.0
k3100ft9c1o,0,5213.0,864.0,486.0
g30828lgz1q,0,380.0,864.0,484.0
m0974y96n50,0,140.0,486.0,864.0
c0975p245po,0,310.0,864.0,486.0
y3080ll3t58,0,4877.0,648.0,486.0
j3104h18jfw,0,293.0,486.0,864.0
x09761n1wgo,0,1149.0,618.0,486.0
c09772cbr9m,0,297.0,864.0,486.0
o0975w554hw,0,2891.0,864.0,486.0
l3144a2pj28,0,382.0,864.0,486.0
o3101p5faei,0,4453.0,864.0,486.0
u3152cb5kva,0,14580.0,864.0,486.0
t3104t2kdoz,0,257.0,486.0,864.0
i3100hvidn2,0,470.0,486.0,486.0
h3078alw43x,0,7094.0,864.0,486.0
t3114agbiba,0,559.0,864.0,486.0
w31412rlnlg,0,244.0,474.0,864.0
b09766940id,0,254.0,486.0,856.0
p30785k3ln4,0,5237.0,864.0,486.0
o3080cl9mvl,0,249.0,486.0,864.0
j3151zo7xb5,0,3183.0,846.0,486.0
v3100c6db01,0,271.0,486.0,864.0
e31114ssqyj,0,269.0,864.0,342.0
t3102d5qjwt,0,22924.0,608.0,486.0
f3104z94004,0,11113.0,864.0,486.0
p3148zowoiw,0,719.0,864.0,486.0
m3145jvsp9o,0,485.0,864.0,486.0
l31052a1pjq,0,252.0,864.0,486.0
w0979rfelm8,0,287.0,864.0,486.0
d3100gsypwp,0,1569.0,864.0,486.0
c3111p5vtes,0,227.0,540.0,960.0
a3142au7v51,0,1601.0,858.0,486.0
d3102jb3wjw,0,260.0,486.0,864.0
n3080365z1o,0,264.0,952.0,540.0
k311090pi4u,0,4055.0,648.0,486.0
e3101i66skh,0,255.0,648.0,486.0
y3131hly0vi,0,1504.0,846.0,486.0
j3101h2qgt0,0,1370.0,864.0,486.0
n3130hdyogf,0,4462.0,864.0,486.0
v3104okdckg,0,5854.0,864.0,476.0
k3137b9qssm,0,300.0,602.0,486.0
h31107q6emd,0,2108.0,862.0,486.0
x3078eomlz9,0,300.0,864.0,486.0
z0980hk15a2,0,382.0,486.0,858.0
w3106jpflow,0,278.0,486.0,864.0
y3109qqf4nb,0,345.0,864.0,486.0
y3111cif2n3,0,458.0,864.0,486.0
f3103f15rak,0,3747.0,648.0,486.0
e3081puv873,0,3565.0,656.0,486.0
b3209flzu8w,0,5746.0,864.0,484.0
m3140d0x5q5,0,635.0,864.0,486.0
x31028e1uj4,0,2424.0,864.0,486.0
f3123uk6lpb,0,230.0,864.0,486.0
b3154l95935,0,1207.0,864.0,486.0
f3112fihd2t,0,268.0,864.0,486.0
d31033bvs6o,0,1406.0,864.0,486.0
h3080q969x0,0,7376.0,864.0,486.0
b3113k5uqld,0,376.0,540.0,960.0
a3149akg9rb,0,624.0,486.0,864.0
u30802n7zff,0,250.0,864.0,486.0
j3146sjc99s,0,623.0,864.0,486.0
x31147yy06d,0,355.0,864.0,486.0
c0978tddw1y,0,124.0,486.0,864.0
j3081hrlh26,0,168.0,864.0,486.0
y0976tuv1vt,0,196.0,486.0,864.0
u3140l0lj94,0,1087.0,864.0,486.0
y3079sbtakc,0,851.0,864.0,486.0
i0978w30ibu,0,277.0,540.0,960.0
n0975qnoxlp,0,146.0,486.0,832.0
v3102la8djd,0,379.0,486.0,864.0
l3114yys8ib,0,475.0,864.0,486.0
m3140k3pp73,0,226.0,864.0,486.0
u3111r36w1n,0,1275.0,864.0,484.0
u3131kartco,0,9348.0,864.0,486.0
t3102hr0vcv,0,5771.0,648.0,486.0
g32066hkea9,0,1883.0,864.0,486.0
g3112vyc8mx,0,283.0,562.0,486.0
e3138l85f8e,0,270.0,864.0,486.0
h31000ympyd,0,737.0,864.0,486.0
t311701k2e6,0,3222.0,820.0,486.0
y09760hb3ew,0,204.0,486.0,850.0
y3103ktyx6n,0,1454.0,864.0,486.0
b31102zetsy,0,4068.0,648.0,486.0
q31431ybw0g,0,1720.0,864.0,486.0
a0975i741mz,0,152.0,486.0,864.0
a0975a3q83j,0,131.0,486.0,864.0
e3105dbiuv3,0,1493.0,864.0,486.0
o3102jnicnq,0,1501.0,846.0,486.0
a3105fx8cvn,0,5198.0,864.0,486.0
g3079xcaj0f,0,233.0,864.0,486.0
s30789711do,0,300.0,864.0,486.0
a09763razq9,0,901.0,864.0,486.0
b3104xo71r3,0,8020.0,864.0,486.0
s0977grpnoc,0,2826.0,864.0,486.0
z31406fchso,0,1762.0,864.0,486.0
x3079u8q3m5,0,3782.0,648.0,486.0
m3121eszv6e,0,1135.0,864.0,486.0
p3132hgy9i2,0,2201.0,648.0,486.0
j3112jpracr,0,193.0,864.0,462.0
r0979aomte0,0,3828.0,846.0,486.0
f3102x76f8t,0,277.0,396.0,864.0
n3130nrbsc1,0,357.0,486.0,864.0
e0975vnpave,0,610.0,486.0,864.0
a3109cwazfy,0,3588.0,864.0,486.0
s3115b2a90s,0,1436.0,864.0,486.0
d31468o8a3j,0,7010.0,864.0,486.0
n31085e3z91,0,318.0,540.0,960.0
v3114sqwvhd,0,140.0,864.0,484.0
v313309j83w,0,1383.0,864.0,486.0
i31270141ys,0,2672.0,864.0,486.0
t09756kpqmw,0,306.0,864.0,486.0
r3123kfdmp9,0,1655.0,864.0,486.0
z3151fb9rdy,0,402.0,486.0,858.0
u3109vv86ty,0,3421.0,864.0,486.0
v0978vv00jw,0,1466.0,846.0,486.0
n31394ln3j2,0,419.0,864.0,486.0
n3100id1jrj,0,327.0,864.0,486.0
x09741d74qv,0,345.0,486.0,864.0
i0975ye7jur,0,173.0,486.0,864.0
p3154drcjdn,0,295.0,486.0,858.0
r3123qrunlv,0,4731.0,864.0,486.0
n3121yylzuh,0,2697.0,846.0,486.0
x31083oojiw,0,220.0,864.0,486.0
k31165ewngr,0,8218.0,864.0,486.0
j3105lzby7e,0,280.0,960.0,540.0
x3108e2q39c,0,406.0,864.0,486.0
f0979zl8is9,0,2449.0,864.0,486.0
e3101yq41qd,0,373.0,540.0,960.0
o3125x5hts5,0,999.0,864.0,486.0
y3121ntnpkr,0,183.0,486.0,864.0
s31001czaof,0,375.0,864.0,486.0
f0976x741gg,0,243.0,864.0,486.0
t3151ags12y,0,388.0,864.0,486.0
j0978jg0pwo,0,426.0,864.0,486.0
t30826m8wtr,0,1438.0,864.0,486.0
b3103fc58yw,0,299.0,864.0,486.0
s3112gpqvs0,0,294.0,486.0,864.0
k3146cp0eu6,0,175.0,486.0,860.0
l31118454h1,0,287.0,864.0,486.0
p0979mj9eoh,0,275.0,864.0,486.0
s31327mxavk,0,4126.0,688.0,486.0
o3101li99bu,0,205.0,486.0,864.0
w0974lzt742,0,176.0,486.0,864.0
g0976jxbqig,0,323.0,960.0,536.0
y30813brnao,0,247.0,486.0,864.0
q3147ibkgk0,0,603.0,864.0,486.0
m3079nttebs,0,168.0,864.0,484.0
w3112z08d3o,0,3682.0,864.0,486.0
f0979159fxp,0,265.0,864.0,486.0
m09758pr6gw,0,7473.0,644.0,486.0
o3130lsn1h9,0,7003.0,624.0,486.0
j0976y9mx7i,0,135.0,486.0,864.0
a3115if0y8h,0,3199.0,694.0,486.0
c3126xwvttw,0,174.0,864.0,486.0
g307802pxx6,0,316.0,400.0,864.0
t3102tpokg6,0,378.0,864.0,476.0
s3112uv5tm0,0,1518.0,864.0,486.0
o31065i65sn,0,4070.0,864.0,486.0
p3079bfp3uu,0,250.0,648.0,486.0
n314040ehj1,0,395.0,864.0,486.0
z3110dxn4gs,0,3941.0,864.0,486.0
d0975u3idlh,0,275.0,648.0,486.0
k097565u3xe,0,209.0,486.0,864.0
c3082k1payl,0,184.0,486.0,864.0
d3132xo9u93,0,18382.0,634.0,486.0
t0979kyek71,0,293.0,864.0,486.0
i31254s0y5p,0,1899.0,864.0,486.0
b3104a3m50i,0,289.0,486.0,864.0
c31022cumwj,0,334.0,864.0,486.0
t3110ieniwg,0,248.0,486.0,854.0
e09757ey3q4,0,379.0,486.0,864.0
h0978vssd5l,0,184.0,486.0,864.0
s3161ldg822,0,207.0,540.0,960.0
i3136mjbvj1,0,12168.0,730.0,486.0
b3110qeptqw,0,366.0,864.0,486.0
o31511r74a5,0,207.0,486.0,864.0
t3127xmhriu,0,411.0,864.0,486.0
e3123wepsyb,0,1247.0,960.0,526.0
w3111bx0hdd,0,374.0,540.0,960.0
b3104dzc0aa,0,476.0,486.0,864.0
w31084r24n1,0,5339.0,864.0,486.0
g0974krilqq,0,254.0,486.0,864.0
f3110ygk1tc,0,3575.0,648.0,486.0
t3110u7q07h,0,5692.0,864.0,486.0
s097572da3f,0,137.0,486.0,864.0
f0976gfwu2d,0,157.0,486.0,864.0
z0979aycaj4,0,276.0,864.0,484.0
w097633yghg,0,150.0,486.0,864.0
l09806pd88b,0,1611.0,864.0,486.0
n31259f04l6,0,1493.0,864.0,486.0
y312094ai13,0,276.0,540.0,960.0
y3150ivqf2s,0,10562.0,864.0,486.0
l3110o79pwt,0,4206.0,864.0,486.0
k0975uhzuai,0,161.0,486.0,864.0
q0980u4ipqg,0,6576.0,864.0,486.0
n3078szwt8b,0,2700.0,648.0,486.0
j3081sawgrb,0,374.0,864.0,486.0
c30825r23f1,0,1430.0,864.0,486.0
v3119413q2a,0,277.0,486.0,608.0
p0975h48z9o,0,11170.0,648.0,486.0
i0979r3ie7m,0,279.0,864.0,486.0
h3129yfei9t,0,6361.0,864.0,486.0
s0975gf9bm5,0,2063.0,648.0,486.0
o3133ymopwp,0,1135.0,864.0,486.0
i09755din7w,0,275.0,864.0,484.0
h0976iatjpz,0,143.0,486.0,864.0
g31150ue0u8,0,250.0,588.0,486.0
g09760448h7,0,282.0,864.0,486.0
e3107c77ub2,0,270.0,864.0,486.0
t3112z2451y,0,2398.0,864.0,486.0
a3135i0ncr7,0,238.0,864.0,486.0
z3127bd5wan,0,259.0,864.0,486.0
d3079qd3e0q,0,5253.0,864.0,476.0
s09754rec3q,0,275.0,864.0,486.0
y313170ui60,0,5899.0,714.0,486.0
j3136lu12eu,0,271.0,540.0,944.0
w3150jjzeym,0,726.0,864.0,486.0
t31083nepjj,0,412.0,864.0,486.0
b313266vt5x,0,7211.0,864.0,486.0
e3150tdf069,0,10548.0,648.0,486.0
s31512obpfi,0,36882.0,648.0,486.0
f3150pb9rpy,0,6697.0,486.0,486.0
q0980j6yijf,0,2112.0,864.0,486.0
n3124x0jvb5,0,9261.0,864.0,486.0
x3081oqr0pq,0,403.0,864.0,486.0
d3145mo4jj7,0,247.0,778.0,486.0
o3210qndgqx,0,5304.0,864.0,486.0
h3108qx9nfl,0,991.0,662.0,486.0
f3133va1wpz,0,1464.0,864.0,300.0
g3111zr2nkq,0,679.0,486.0,864.0
w3113nanrjo,0,914.0,864.0,486.0
q0034x048hz,0,1504.0,486.0,864.0
j3082g4uo6m,0,6120.0,864.0,486.0
b31238tw17v,0,1718.0,864.0,486.0
s3148b5z7t3,0,333.0,486.0,858.0
b3146i7y6jg,0,1127.0,864.0,486.0
y3120ql6k9c,0,1930.0,846.0,486.0
s3119sh1mvq,0,218.0,702.0,486.0
p3210seo8jq,0,1527.0,486.0,864.0
g3211y0ibzz,0,3699.0,864.0,486.0
s3205yjuiun,0,3170.0,864.0,486.0
u3102jq719x,0,1012.0,864.0,486.0
s3154wdmo1s,0,633.0,864.0,486.0
y09780he2hn,0,311.0,864.0,484.0
f3101xschpx,0,1230.0,638.0,486.0
h310535c3k0,0,1314.0,486.0,830.0
k3136hcdntm,0,1393.0,864.0,486.0
t313780v6yw,0,3748.0,864.0,486.0
k09757mk1n5,0,133.0,486.0,864.0
m3142uj0vtt,0,3411.0,864.0,476.0
a3210dahio0,0,1759.0,648.0,486.0
j3115zy8vqz,0,167.0,864.0,484.0
u09762tymoz,0,267.0,486.0,648.0
q3209olcslt,0,2250.0,648.0,486.0
e3164r6ner2,0,1675.0,864.0,486.0
r3153wgsnr6,0,222.0,486.0,858.0
i3204vor4e2,0,351.0,486.0,850.0
i3157nhmybh,0,7480.0,864.0,484.0
b3151kk62bv,0,917.0,860.0,486.0
n3138bzmu24,0,1025.0,540.0,960.0
q3079ntb0qt,0,6297.0,648.0,486.0
o3111d0n70v,0,233.0,486.0,858.0
g3202353zxl,0,692.0,1280.0,720.0
b3211gv2h8l,0,183.0,486.0,864.0
e3207kbvqs6,0,240.0,486.0,858.0
l3210b0e0x4,0,5295.0,864.0,486.0
x3165klunnw,0,1245.0,540.0,960.0
q3202b2pnjx,0,1548.0,1280.0,720.0
a3081jnv5m3,0,165.0,864.0,486.0
e3113krfhks,0,1307.0,608.0,486.0
c097934qga5,0,266.0,864.0,486.0
m320390p3pk,0,1600.0,1280.0,660.0
a3122buy1wq,0,5044.0,864.0,486.0
u3155htwj2a,0,41750.0,662.0,486.0
p3142w1jdj6,0,1387.0,864.0,486.0
r3119jovnv6,0,8330.0,864.0,486.0
m31015wpvm5,0,443.0,486.0,864.0
d3155f9u22s,0,28750.0,662.0,486.0
e3156zm2biq,0,2618.0,486.0,486.0
z3113k0gmak,0,2172.0,864.0,486.0
g3113gwgy1m,0,5719.0,864.0,484.0
e31557xgn3e,0,13683.0,648.0,486.0
f32098icaa5,0,1540.0,864.0,486.0
g3156708fj7,0,2435.0,864.0,486.0
w31045r0gon,0,214.0,486.0,486.0
u3139z5e6ru,0,417.0,864.0,486.0
t0976oy2tjy,0,1546.0,864.0,486.0
g0976dipecx,0,258.0,486.0,864.0
k3110ptwxsl,0,5223.0,864.0,486.0
f3117chu2oj,0,294.0,864.0,486.0
z3078uh6iej,0,252.0,486.0,864.0
u3204ocspdv,0,4440.0,648.0,486.0
e0975akjh82,0,5256.0,648.0,486.0
u3101vnmd3e,0,5847.0,648.0,486.0
u3122lynfkl,0,2875.0,864.0,486.0
r0974l4tcfu,0,136.0,486.0,850.0
j3110muhkaj,0,801.0,858.0,486.0
k3127i5g5bp,0,815.0,864.0,486.0
t31412rlayc,0,1026.0,648.0,486.0
a0978dj1tve,0,864.0,864.0,486.0
p3151quziyf,0,1389.0,864.0,486.0
x31001fius5,0,432.0,864.0,486.0
r0976rq8sts,0,231.0,486.0,864.0
b3128cr5loq,0,19329.0,864.0,486.0
t0975ny9tnf,0,123.0,486.0,864.0
c0976d1am8o,0,228.0,606.0,486.0
d30806e1wyv,0,3849.0,862.0,486.0
g3117zwpg9n,0,265.0,864.0,486.0
l3110r5u5bd,0,3146.0,864.0,486.0
x0976ararsu,0,192.0,486.0,856.0
z3079j81c4r,0,288.0,486.0,864.0
r3141jx7imp,0,259.0,864.0,486.0
y0975leo6jf,0,193.0,486.0,864.0
s3136zsfdm7,0,463.0,864.0,486.0
x3102g2r0by,0,333.0,486.0,858.0
l3105r9ak2w,0,387.0,864.0,486.0
j3119hdd8lh,0,226.0,540.0,960.0
z097662rt24,0,251.0,864.0,486.0
l09757me9t0,0,255.0,864.0,486.0
j0977kal360,0,5125.0,630.0,486.0
b3102m1hkze,0,323.0,778.0,486.0
k3078vp9kp2,0,289.0,864.0,486.0
l3101jklyvx,0,354.0,486.0,864.0
j3112hdpbw8,0,323.0,778.0,486.0
y3078bico1m,0,384.0,864.0,486.0
s098056on8z,0,2171.0,864.0,484.0
f3108lqj8pf,0,313.0,864.0,486.0
r3148yofwfd,0,616.0,864.0,486.0
v09792bqr0e,0,320.0,864.0,486.0
k3100g6harx,0,233.0,864.0,486.0
w3112zn9ch5,0,1516.0,864.0,486.0
o31150cxw86,0,165.0,864.0,484.0
p3123m1p40o,0,343.0,864.0,486.0
y31055yf37s,0,370.0,864.0,486.0
k30827id00q,0,254.0,486.0,864.0
h0976sdzzxn,0,124.0,486.0,864.0
c0978arfln8,0,297.0,864.0,486.0
j3153ljf1w1,0,304.0,864.0,486.0
g09757evfde,0,140.0,486.0,864.0
h0975k54qp3,0,12944.0,864.0,486.0
g3118gf0t4z,0,308.0,864.0,482.0
j3100iu0yi8,0,14693.0,864.0,486.0
k3132kxx8ut,0,426.0,858.0,486.0
c0976xnugmj,0,525.0,864.0,486.0
r3143wosolr,0,437.0,864.0,486.0
g3210ynmz7i,0,5351.0,864.0,486.0
z3102rufpao,0,338.0,486.0,864.0
u3082rnc0ab,0,395.0,486.0,844.0
q310818wiga,0,275.0,864.0,486.0
g0980sfs88e,0,1868.0,864.0,274.0
g3101bs6i5c,0,2383.0,864.0,486.0
f3101hm8vop,0,227.0,486.0,648.0
y31000q5dpk,0,6200.0,648.0,486.0
w3101q65m6e,0,14518.0,864.0,388.0
b3106k6j83i,0,292.0,864.0,486.0
d09752l6yws,0,1924.0,486.0,864.0
k31006h5wba,0,276.0,864.0,486.0
e31065yuhge,0,281.0,486.0,864.0
t3155gl5rk2,0,12320.0,648.0,486.0
d0977a7qu0q,0,1325.0,864.0,486.0
y0979usxcg8,0,275.0,864.0,486.0
c3164hsebc7,0,4425.0,864.0,486.0
m3111wbsdd6,0,267.0,864.0,486.0
q31305ceewk,0,1313.0,648.0,486.0
h3078f29jv4,0,1370.0,864.0,486.0
x3150m6eb8q,0,1492.0,864.0,486.0
g3112al5b7z,0,13045.0,486.0,486.0
e3203wc24wz,0,4552.0,1280.0,720.0
u3113zqe946,0,604.0,482.0,864.0
r0976vv0wxb,0,144.0,486.0,864.0
g31138d8wnb,0,244.0,864.0,486.0
a0974103r20,0,6047.0,648.0,486.0
i0980a3c6r1,0,121.0,864.0,470.0
a3151b5i18n,0,3458.0,648.0,486.0
q09762yrjzg,0,325.0,486.0,850.0
u3079w8feak,0,748.0,640.0,486.0
u3213ahx35v,0,1508.0,864.0,486.0
i3116vhlncx,0,366.0,778.0,486.0
l09752uj262,0,281.0,864.0,486.0
z3132rojas9,0,338.0,486.0,864.0
c3118dzxwtt,0,193.0,864.0,486.0
f31403d2j7n,0,363.0,864.0,486.0
n3211m6vh7b,0,3817.0,864.0,486.0
w3144dfpj01,0,2205.0,864.0,486.0
d3128pnvvbw,0,1366.0,864.0,486.0
s3118204384,0,1954.0,688.0,486.0
h0975uesk3r,0,193.0,864.0,486.0
y31244fd7hg,0,554.0,864.0,486.0
a097560oerf,0,149.0,486.0,864.0
d30811bl8sr,0,159.0,864.0,484.0
u3111ui2vkj,0,283.0,540.0,960.0
w3078n2j5k5,0,168.0,864.0,484.0
b3079sf84lf,0,4865.0,864.0,486.0
l0978nzk1n1,0,935.0,864.0,486.0
n311039b1k6,0,561.0,864.0,398.0
k3114vt8y5a,0,900.0,864.0,486.0
p313049f8do,0,376.0,864.0,486.0
k09745k83bn,0,214.0,486.0,864.0
b3130j8o5j6,0,2383.0,648.0,486.0
l0973ss9f9s,0,596.0,864.0,486.0
f3114mt5vq1,0,275.0,864.0,486.0
t3112282ayy,0,275.0,864.0,484.0
l3102kv9rwv,0,248.0,864.0,486.0
l3102hlg5uh,0,6554.0,864.0,486.0
l0975hhhl0z,0,157.0,486.0,864.0
v3110pk43dv,0,2877.0,864.0,486.0
u3079kk11p4,0,167.0,864.0,484.0
j31276xvpw9,0,1484.0,864.0,486.0
h3103x5ts1y,0,285.0,864.0,486.0
a3106bcdy4z,0,326.0,486.0,864.0
c3078nttcw3,0,284.0,864.0,486.0
j0980h7yqs2,0,180.0,864.0,484.0
g3078dvhj47,0,748.0,864.0,486.0
h31083jbc00,0,963.0,648.0,486.0
j3130qmk8p2,0,7981.0,864.0,486.0
f3116b70041,0,470.0,486.0,486.0
k3080ju5dgb,0,4366.0,858.0,486.0
r0976y54ute,0,200.0,486.0,864.0
u0974oqqjlo,0,177.0,486.0,864.0
t3079ig08dk,0,4477.0,634.0,486.0
t3104l9z8dh,0,342.0,864.0,486.0
s3134p6er71,0,341.0,486.0,858.0
r3080cs1q57,0,327.0,540.0,960.0
u3102rmfbu6,0,255.0,864.0,486.0
s30795bu91r,0,276.0,864.0,486.0
s3116l5dv4r,0,7086.0,864.0,486.0
j3111xac0k8,0,445.0,864.0,486.0
x0975zbpt08,0,772.0,442.0,960.0
p3123sx7z5w,0,2071.0,864.0,486.0
b3110pvdv72,0,1263.0,864.0,486.0
p3078cesofn,0,268.0,864.0,486.0
v3108awhnmt,0,1380.0,486.0,858.0
s3146wvgowl,0,647.0,864.0,486.0
l09753guh6b,0,12475.0,864.0,486.0
f0976s9ph3c,0,201.0,540.0,960.0
s3125fleapt,0,821.0,864.0,486.0
e31373h6ojs,0,331.0,864.0,486.0
t3106odckt8,0,3403.0,864.0,472.0
w3102onuu8f,0,895.0,864.0,486.0
f3078oiqa3u,0,257.0,864.0,486.0
m09783kteej,0,210.0,486.0,856.0
o3108adztz0,0,4303.0,864.0,486.0
m3112lp6pj6,0,264.0,864.0,486.0
l0977q77xqw,0,164.0,486.0,864.0
f3144bk55h0,0,313.0,864.0,484.0
w3151hpre7f,0,392.0,864.0,484.0
h3116u52si1,0,303.0,540.0,950.0
r3124f0faj2,0,373.0,864.0,486.0
x31189bipzu,0,6719.0,652.0,486.0
w3116vlg0bh,0,340.0,864.0,486.0
q3112pqsj7x,0,338.0,864.0,484.0
g0975r3mdb9,0,238.0,486.0,864.0
p3134ofz83h,0,639.0,540.0,960.0
a30802ty9q5,0,6210.0,648.0,486.0
u3100xfdjz7,0,3571.0,810.0,486.0
m3137iuagfb,0,863.0,864.0,486.0
n0978zg06mp,0,314.0,864.0,486.0
x3141tcvz96,0,5674.0,864.0,486.0
q3124p2cqql,0,1203.0,648.0,486.0
b3109ca1q1p,0,253.0,486.0,856.0
g3113qqmulj,0,2425.0,864.0,486.0
w3109xw7bnc,0,208.0,480.0,864.0
r3154bdh201,0,13793.0,648.0,486.0
p31188l9zyy,0,248.0,864.0,486.0
i3115t54y0c,0,343.0,864.0,486.0
q0978eje33w,0,426.0,864.0,486.0
c09804slhix,0,1138.0,864.0,486.0
n310561kond,0,248.0,486.0,858.0
w0976qb544c,0,162.0,486.0,864.0
p3106vv50gv,0,212.0,864.0,486.0
u0978ohl9u0,0,4826.0,858.0,486.0
o3164v9se4e,0,1623.0,864.0,368.0
z31101fmn63,0,423.0,486.0,864.0
z0976fsaj3r,0,227.0,486.0,864.0
b3141wluz26,0,565.0,864.0,486.0
m0975s1rqr7,0,263.0,864.0,486.0
i3111aoh7bn,0,1947.0,864.0,486.0
u314706jsgz,0,748.0,864.0,486.0
u0980bezzds,0,161.0,864.0,484.0
g0976isynkd,0,245.0,864.0,486.0
l32053r6gh4,0,1433.0,648.0,486.0
n3164uck4ku,0,2253.0,864.0,486.0
a32110mt8rc,0,3176.0,864.0,486.0
m3163zhg735,0,803.0,694.0,486.0
m3102pcypf6,0,3695.0,860.0,486.0
h3155v91mhx,0,8486.0,648.0,486.0
k3210hlxpfx,0,5968.0,864.0,486.0
c0975kfahvc,0,299.0,486.0,864.0
j3201t7j5rj,0,3207.0,864.0,486.0
t3112zfvt65,0,254.0,486.0,864.0
e31298ijhbh,0,3532.0,864.0,486.0
u3124ue6qe4,0,526.0,648.0,486.0
q3150ptmwvw,0,1859.0,864.0,486.0
z3123xwjega,0,254.0,864.0,482.0
h3131ofe4nu,0,1147.0,864.0,486.0
c3102hl1hf8,0,1805.0,864.0,486.0
z3202kcj9od,0,2057.0,960.0,720.0
j3118c07acl,0,1837.0,864.0,486.0
s3124e5mnxb,0,415.0,742.0,486.0
n30820xqr1t,0,5316.0,486.0,846.0
k3126m49wpa,0,407.0,864.0,486.0
g31404x5swa,0,1504.0,864.0,486.0
m09759kza46,0,283.0,486.0,864.0
u3206xss0gc,0,2988.0,858.0,486.0
l32044ndfk5,0,4017.0,960.0,720.0
c31384r6rwd,0,639.0,648.0,486.0
t0938479z9z,0,1239.0,864.0,486.0
x0978tsk5l0,0,583.0,606.0,486.0
w3205mc2ez3,0,7551.0,864.0,486.0
s3154g9xxb0,0,3099.0,864.0,486.0
b31009ymm3c,0,1813.0,864.0,486.0
d3136615bu8,0,477.0,778.0,486.0
v3125cp4zq1,0,1468.0,864.0,486.0
b3210arr05a,0,691.0,864.0,486.0
y09793z5wyc,0,249.0,864.0,486.0
o3208nrwk00,0,937.0,864.0,486.0
i0976agaun7,0,5963.0,726.0,486.0
x0976c2817t,0,166.0,486.0,864.0
l31575dkn8g,0,1600.0,864.0,486.0
u31604euvs6,0,618.0,864.0,486.0
b3211hxtdp5,0,4105.0,864.0,486.0
a31391hx8hu,0,1126.0,598.0,486.0
m3107yvefc3,0,237.0,864.0,486.0
e31042ngpkf,0,4496.0,864.0,486.0
o3111mbf3u6,0,1084.0,864.0,486.0
g3163idioie,0,3705.0,648.0,486.0
t0977zpvj4s,0,350.0,486.0,858.0
a31509j3z2g,0,1768.0,864.0,486.0
a3146dy2mmj,0,1677.0,864.0,486.0
e3103jnm1kn,0,1046.0,486.0,864.0
k3211o2wznp,0,3572.0,864.0,486.0
c3145tnrtqs,0,1506.0,864.0,486.0
u3164xl1pgo,0,1308.0,720.0,540.0
b0975y74nbr,0,123.0,486.0,850.0
m3165z7vkyi,0,5783.0,648.0,486.0
b3139ejn3a8,0,430.0,864.0,486.0
v0976j5xf28,0,447.0,486.0,788.0
m3082t96akk,0,351.0,864.0,486.0
u0978qoo5x2,0,194.0,486.0,864.0
x3155jvdrg8,0,7060.0,648.0,486.0
y3232kd4ewx,0,1098.0,540.0,960.0
a32325fqfqt,0,8838.0,864.0,486.0
i3232isd7ot,0,3585.0,666.0,486.0
n3232yc36at,0,6209.0,864.0,446.0
l3232b1joww,0,4925.0,864.0,486.0
d3232z553th,0,399.0,486.0,864.0
l3232bfg5w6,0,1500.0,486.0,864.0
d3232nwygkx,0,2128.0,864.0,486.0
u3232jdwsp0,0,1364.0,486.0,864.0
m32329v7k27,0,7848.0,864.0,432.0
f3231g1y69j,0,1071.0,486.0,864.0
l3232etked5,0,3179.0,486.0,864.0
u3232x6chqf,0,1267.0,486.0,864.0
g32323wvl2f,0,1802.0,486.0,834.0
q3232y6ovjb,0,1776.0,864.0,486.0
i3232b8euyb,0,1119.0,864.0,486.0
y3232dbu3iv,0,800.0,486.0,864.0
h3232op5ygv,0,2048.0,864.0,486.0
y3232z8ejye,0,345.0,486.0,864.0
r32323nghca,0,360.0,486.0,864.0
u32323bsfag,0,874.0,486.0,864.0
f3232chkdoq,0,1537.0,864.0,486.0
h32328qz9mu,0,1763.0,586.0,486.0
b32327mffsf,0,1545.0,864.0,486.0
g32322fo4i2,0,2712.0,864.0,486.0
u323204t0f5,0,910.0,864.0,486.0
i3232z1hdfo,0,1363.0,864.0,486.0
t3232gk8paw,0,1053.0,864.0,486.0
e3226u58wg7,0,2482.0,864.0,486.0
h3227ual7mp,0,2292.0,864.0,486.0
a3226fzqxxb,0,2107.0,864.0,486.0
q3228l5jqic,0,248.0,486.0,864.0
j3225nt5wyw,0,580.0,864.0,486.0
i3229p938nz,0,1968.0,864.0,486.0
r32251zzu1p,0,405.0,858.0,486.0
p32278avelr,0,4507.0,864.0,486.0
p3231evun35,0,6022.0,864.0,486.0
i3231zzlrp4,0,1420.0,864.0,486.0
t3230ovqzzi,0,6772.0,796.0,486.0
m32286xfkcf,0,356.0,864.0,486.0
w3226ypbi76,0,599.0,864.0,486.0
c3225l12zr6,0,619.0,864.0,486.0
f3227icrpp0,0,5712.0,846.0,486.0
q3228uygn1m,0,712.0,864.0,388.0
c3227qvkfk1,0,245.0,486.0,864.0
d3230aw1l3b,0,4382.0,648.0,486.0
x3225gfybt9,0,1157.0,864.0,486.0
c3226tupbef,0,3075.0,864.0,486.0
n3230q7ubmm,0,4986.0,846.0,486.0
l3227hikcvr,0,5860.0,864.0,486.0
i3227au9h33,0,5085.0,846.0,486.0
o3230nt9ok3,0,815.0,864.0,486.0
d0036463u5u,0,1219.0,864.0,486.0
d32305e7ljc,0,873.0,864.0,486.0
u32316m0g4u,0,737.0,486.0,864.0
r322616grki,0,641.0,864.0,486.0
m3225mfyhis,0,385.0,864.0,486.0
j3230n75dyo,0,5497.0,864.0,486.0
a3226w8mpj8,0,1577.0,864.0,486.0
y3230t69tgs,0,263.0,864.0,486.0
n3226f2y3cj,0,1010.0,864.0,486.0
t32316455zl,0,473.0,864.0,486.0
m0036s9x4jf,0,1481.0,864.0,486.0
k32266nrk69,0,424.0,486.0,864.0
n32268vmgnf,0,2282.0,864.0,486.0
s3228pu3uqb,0,1357.0,864.0,486.0
o32291evvma,0,2862.0,864.0,486.0
s3227wjzdw8,0,401.0,864.0,486.0
i3228p7bhkl,0,457.0,648.0,486.0
x322664vbjq,0,1294.0,864.0,486.0
p3228jw2dc3,0,385.0,486.0,864.0
x3228ofehia,0,199.0,486.0,864.0
a32276vic13,0,1621.0,864.0,486.0
k3228ai7g5p,0,732.0,864.0,486.0
v3230329hrx,0,33734.0,864.0,486.0
z003620f539,0,12196.0,864.0,486.0
w3226jp6r4i,0,2657.0,864.0,486.0
t3228553fll,0,250.0,486.0,490.0
f32297ex8pp,0,1077.0,486.0,648.0
u3231oy9x6t,0,258.0,486.0,864.0
m3226exy9ab,0,3743.0,864.0,486.0
c3228fimgl0,0,851.0,864.0,486.0
u3228wvwkng,0,342.0,540.0,960.0
j3225lcxvgg,0,1905.0,864.0,486.0
w3228h5qecc,0,2338.0,864.0,480.0
n3228m5c3wj,0,7288.0,648.0,486.0
y323051z6p6,0,3848.0,864.0,486.0
w32274zov2h,0,6467.0,820.0,486.0
y3229vzyfag,0,260.0,864.0,432.0
t3227wfabcg,0,438.0,648.0,486.0
x0036q3svi3,0,13372.0,486.0,486.0
a3226ma66sw,0,1361.0,864.0,486.0
d3228fmtv3q,0,832.0,486.0,864.0
y00352rashp,0,8369.0,864.0,486.0
n0036by4o29,0,12196.0,864.0,486.0
s3226j1eb2p,0,997.0,864.0,486.0
h3230w4sll2,0,2097.0,864.0,486.0
f3228hyf8nj,0,625.0,486.0,864.0
k3225knulol,0,235.0,486.0,858.0
k3231xcgt0z,0,270.0,486.0,864.0
z3230l4opva,0,5027.0,706.0,486.0
a3229y4ymar,0,810.0,486.0,864.0
t32279atz6f,0,214.0,486.0,864.0
b3227s9rht0,0,406.0,486.0,864.0
t32297dwct3,0,267.0,486.0,864.0
s3231msti35,0,666.0,864.0,486.0
j3230lxdq3y,0,889.0,864.0,486.0
j3229u5e468,0,3600.0,590.0,486.0
s32253gjsmm,0,423.0,864.0,486.0
d0036gif8qf,0,1724.0,864.0,486.0
n0036f8cc1t,0,820.0,864.0,486.0
y32317ohzfe,0,1543.0,486.0,486.0
s3227tzn68q,0,1605.0,864.0,486.0
r3226ezhkz6,0,790.0,864.0,478.0
b0036iuf3mt,0,3890.0,864.0,486.0
i32273df73d,0,169.0,540.0,960.0
y3229rl0kvb,0,1451.0,864.0,486.0
t3230gm97gp,0,285.0,474.0,864.0
d3229coln4j,0,786.0,864.0,486.0
j3230ie941k,0,1347.0,864.0,486.0
l3225lm6u70,0,66933.0,864.0,486.0
y32317apgns,0,7463.0,864.0,486.0
m3225bjtkn3,0,813.0,864.0,486.0
k3229oya8zn,0,8292.0,864.0,486.0
x3226d8jvo3,0,1744.0,864.0,486.0
m32299ufdxz,0,514.0,486.0,846.0
c322989xj4h,0,290.0,486.0,864.0
s32302cbtiq,0,251.0,864.0,486.0
x3225ud2tw7,0,159.0,486.0,858.0
l3228jjji6r,0,755.0,648.0,486.0
r3231zmfbid,0,1430.0,540.0,960.0
v32253say90,0,775.0,864.0,486.0
k3226jelx4e,0,18329.0,864.0,486.0
b3226dnzzgu,0,1412.0,864.0,486.0
u3226ft6kxa,0,2941.0,864.0,486.0
j00369bcxpm,0,4242.0,864.0,486.0
q3231418jq9,0,4639.0,662.0,486.0
f3226ijns0v,0,1256.0,486.0,864.0
y3228470btk,0,223.0,540.0,960.0
u3226nh6yrh,0,3459.0,864.0,486.0
e3229pb9154,0,25665.0,864.0,486.0
k3228pzfqym,0,248.0,540.0,952.0
t3229o4nf9k,0,1952.0,864.0,486.0
a3228ejfyni,0,2048.0,864.0,486.0
k3229td7msi,0,653.0,864.0,486.0
x3231fiw785,0,7068.0,864.0,486.0
x3229etn26i,0,1231.0,864.0,486.0
v3225yn0b6t,0,775.0,864.0,486.0
f32278tnscy,0,2482.0,864.0,486.0
z3227ldqlht,0,2414.0,864.0,486.0
j3227vk5z2m,0,8434.0,864.0,486.0
b3226x26tbv,0,2708.0,864.0,486.0
p3228go3ds2,0,665.0,486.0,864.0
g3230j04cza,0,11619.0,864.0,486.0
y3230cdkktq,0,6964.0,864.0,486.0
k3231c9psli,0,341.0,486.0,858.0
w3229y9yffq,0,1968.0,864.0,486.0
n3231mhtp8d,0,41198.0,864.0,486.0
u3230gs47tj,0,13825.0,864.0,486.0
y32296vmxuv,0,584.0,540.0,960.0
x3226ljan6f,0,1573.0,864.0,486.0
m0036f93wwq,0,2339.0,864.0,486.0
j3226y23x75,0,1199.0,864.0,486.0
q32296m7qg5,0,2139.0,598.0,486.0
n3226zfv14h,0,2253.0,864.0,486.0
y32295xnio7,0,1379.0,864.0,486.0
t3226e7v5v1,0,1028.0,864.0,486.0
k32283ymjqf,0,6069.0,864.0,486.0
r3230h71bht,0,478.0,486.0,524.0
a3226gv3mm9,0,1186.0,486.0,864.0
m32252m9w8c,0,2252.0,864.0,486.0
m3227z7ldca,0,11178.0,864.0,486.0
f32300wnfz6,0,1599.0,864.0,486.0
n32272zthq9,0,871.0,864.0,486.0
c3231csrvek,0,40187.0,864.0,486.0
l3227pgntcl,0,1920.0,864.0,486.0
r3229n96hkw,0,3428.0,864.0,482.0
q32315lkymj,0,1776.0,864.0,486.0
u32272r02vf,0,343.0,486.0,860.0
w3226rz3wwk,0,1373.0,486.0,834.0
c3228b0buw5,0,341.0,486.0,864.0
v3227x1f8kk,0,1247.0,864.0,486.0
d3231ahnpix,0,2456.0,864.0,486.0
h32316k1wu0,0,2482.0,864.0,486.0
u3226iykd4r,0,596.0,496.0,960.0
o3227ybxw04,0,2061.0,864.0,486.0
y3227008mzn,0,173.0,486.0,864.0
j32314c2ky0,0,344.0,486.0,858.0
t32310u6iq8,0,7134.0,864.0,486.0
d3231nt1bk4,0,4369.0,864.0,486.0
d3227438r4o,0,1092.0,864.0,486.0
i3231irre9l,0,4698.0,662.0,486.0
g3226qt7sgb,0,366.0,486.0,864.0
t3226a0jh5j,0,849.0,486.0,864.0
s3229t6a4z4,0,4162.0,864.0,486.0
c3226yu3z4w,0,990.0,864.0,486.0
z32281ixtq3,0,505.0,864.0,486.0
f3228e36l6l,0,4923.0,864.0,486.0
t32266imo0i,0,1101.0,864.0,486.0
b0036bgfavk,0,8010.0,864.0,486.0
v3231e5hxva,0,2377.0,864.0,486.0
w3230smhlh2,0,1449.0,864.0,486.0
b3230ev48jf,0,1640.0,864.0,486.0
r32253cm3s0,0,2101.0,864.0,486.0
a3226f6f84l,0,2003.0,864.0,486.0
u3227as1wh6,0,1357.0,864.0,486.0
v3227ip7awl,0,231.0,486.0,864.0
k3229lw0iqy,0,227.0,486.0,864.0
t32324gl2ax,0,3234.0,864.0,486.0
p3228varoc4,0,457.0,864.0,486.0
l3229xtg6vn,0,1275.0,864.0,486.0
l3231cja1se,0,2327.0,864.0,486.0
h3225trar7n,0,1627.0,864.0,486.0
d3225p1tw9w,0,1684.0,864.0,486.0
f3228x16y44,0,2217.0,864.0,486.0
q3230nggnl7,0,8263.0,864.0,484.0
b3226ajt5ap,0,876.0,864.0,486.0
d3228oj2ce1,0,1100.0,864.0,486.0
v32259dgviw,0,500.0,486.0,858.0
e322516zx3b,0,6681.0,864.0,486.0
j3228f9iil5,0,1673.0,486.0,864.0
l0036n1ifz8,0,7481.0,864.0,486.0
x3228ejpg87,0,1035.0,486.0,864.0
y32309pxcw7,0,2842.0,864.0,486.0
i3226pzle5m,0,875.0,864.0,486.0
u32270c83ee,0,2552.0,864.0,404.0
e3227c5edtk,0,13601.0,664.0,486.0
g3228wg0y74,0,3677.0,864.0,486.0
m3228eots9b,0,665.0,864.0,486.0
z3229duy5zi,0,13182.0,598.0,486.0
m3228c3rgg2,0,2426.0,864.0,486.0
u3228u35dl9,0,233.0,486.0,864.0
e32320uhmoj,0,291.0,486.0,864.0
y3227nsz7q1,0,4082.0,864.0,486.0
e3225vykrop,0,3476.0,864.0,486.0
k3228hyecs4,0,268.0,486.0,864.0
a3225az3rif,0,404.0,540.0,940.0
w322942ichc,0,1622.0,864.0,486.0
z3232jlq541,0,4929.0,864.0,486.0
t3225pxk189,0,1687.0,864.0,486.0
z322568g49m,0,390.0,864.0,486.0
s32299oabvh,0,8562.0,590.0,486.0
l3228x0xo7t,0,208.0,486.0,864.0
x322846km6h,0,318.0,486.0,864.0
s3229zzgg5s,0,2419.0,598.0,486.0
o3227advwbw,0,1076.0,864.0,486.0
n3232tocogz,0,1460.0,864.0,486.0
i3231imzm39,0,446.0,486.0,864.0
o3231cvev3e,0,5803.0,864.0,486.0
v3226syyulj,0,2759.0,864.0,486.0
y003655mbmw,0,266.0,864.0,486.0
z0036qby1e5,0,3416.0,864.0,486.0
y3227y29wq6,0,1069.0,864.0,486.0
b3229swt3th,0,917.0,864.0,486.0
